<?xml version='1.0' encoding='UTF-8'?><ListBucketResult xmlns='http://doc.s3.amazonaws.com/2006-03-01'><Name>chromedriver</Name><Prefix></Prefix><Marker></Marker><IsTruncated>false</IsTruncated><Contents><Key>2.0/chromedriver_linux32.zip</Key><Generation>1380149859530000</Generation><MetaGeneration>4</MetaGeneration><LastModified>2013-09-25T22:57:39.349Z</LastModified><ETag>"c0d96102715c4916b872f91f5bf9b12c"</ETag><Size>7262134</Size></Contents><Contents><Key>2.0/chromedriver_linux64.zip</Key><Generation>1380149860664000</Generation><MetaGeneration>4</MetaGeneration><LastModified>2013-09-25T22:57:40.449Z</LastModified><ETag>"858ebaf47e13dce7600191ed59974c09"</ETag><Size>7433593</Size></Contents><Contents><Key>2.0/chromedriver_mac32.zip</Key><Generation>1380149857425000</Generation><MetaGeneration>4</MetaGeneration><LastModified>2013-09-25T22:57:37.204Z</LastModified><ETag>"efc13db5afc518000d886c2bdcb3a4bc"</ETag><Size>7614601</Size></Contents><Contents><Key>2.0/chromedriver_win32.zip</Key><Generation>1380149858370000</Generation><MetaGeneration>4</MetaGeneration><LastModified>2013-09-25T22:57:38.165Z</LastModified><ETag>"bbf8fd0fe525a06dda162619cac2b200"</ETag><Size>3048831</Size></Contents><Contents><Key>2.1/chromedriver_linux32.zip</Key><Generation>1380149869675000</Generation><MetaGeneration>4</MetaGeneration><LastModified>2013-09-25T22:57:49.481Z</LastModified><ETag>"1d7e908253f7240d1596332082cc5742"</ETag><Size>7197760</Size></Contents><Contents><Key>2.1/chromedriver_linux64.zip</Key><Generation>1380149870889000</Generation><MetaGeneration>4</MetaGeneration><LastModified>2013-09-25T22:57:50.738Z</LastModified><ETag>"de406b5a1aac2bfb2f419ac01d7231e2"</ETag><Size>7367074</Size></Contents><Contents><Key>2.1/chromedriver_mac32.zip</Key><Generation>1380149867471000</Generation><MetaGeneration>4</MetaGeneration><LastModified>2013-09-25T22:57:47.251Z</LastModified><ETag>"41d718a956392c78d788eedd2e0723a5"</ETag><Size>7611294</Size></Contents><Contents><Key>2.1/chromedriver_win32.zip</Key><Generation>1380149868374000</Generation><MetaGeneration>4</MetaGeneration><LastModified>2013-09-25T22:57:48.143Z</LastModified><ETag>"d48fd6bce0c6131caa8aad6b5b02b9aa"</ETag><Size>2961443</Size></Contents><Contents><Key>2.10/chromedriver_linux32.zip</Key><Generation>1398977182889000</Generation><MetaGeneration>3</MetaGeneration><LastModified>2014-05-01T20:46:22.843Z</LastModified><ETag>"4fecc99b066cb1a346035bf022607104"</ETag><Size>2439424</Size></Contents><Contents><Key>2.10/chromedriver_linux64.zip</Key><Generation>1398984058713000</Generation><MetaGeneration>3</MetaGeneration><LastModified>2014-05-01T22:40:58.697Z</LastModified><ETag>"058cd8b7b4b9688507701b5e648fd821"</ETag><Size>2301804</Size></Contents><Contents><Key>2.10/chromedriver_mac32.zip</Key><Generation>1398983790201000</Generation><MetaGeneration>3</MetaGeneration><LastModified>2014-05-01T22:36:30.170Z</LastModified><ETag>"fd0dafc3ada3619edda2961f2beadc5c"</ETag><Size>4116418</Size></Contents><Contents><Key>2.10/chromedriver_win32.zip</Key><Generation>1398985168260000</Generation><MetaGeneration>3</MetaGeneration><LastModified>2014-05-01T22:59:28.242Z</LastModified><ETag>"082e91e5c8994a7879710caeed62e334"</ETag><Size>2843903</Size></Contents><Contents><Key>2.10/notes.txt</Key><Generation>1398977183990000</Generation><MetaGeneration>3</MetaGeneration><LastModified>2014-05-01T20:46:23.990Z</LastModified><ETag>"27c57f1c84c22b4427f57c74f246ce1a"</ETag><Size>4055</Size></Contents><Contents><Key>2.11/chromedriver_linux32.zip</Key><Generation>1412731037918000</Generation><MetaGeneration>3</MetaGeneration><LastModified>2014-10-08T01:17:17.918Z</LastModified><ETag>"bf0d731cd34fd07e22f4641c9aec8483"</ETag><Size>2304072</Size></Contents><Contents><Key>2.11/chromedriver_linux64.zip</Key><Generation>1412736699874000</Generation><MetaGeneration>3</MetaGeneration><LastModified>2014-10-08T02:51:39.874Z</LastModified><ETag>"7a7336caea140f6ac1cb8fae8df50d36"</ETag><Size>2173523</Size></Contents><Contents><Key>2.11/chromedriver_mac32.zip</Key><Generation>1412735160644000</Generation><MetaGeneration>3</MetaGeneration><LastModified>2014-10-08T02:26:00.644Z</LastModified><ETag>"447ebc91ac355fc11e960c95f2c15622"</ETag><Size>3280825</Size></Contents><Contents><Key>2.11/chromedriver_win32.zip</Key><Generation>1412739814238000</Generation><MetaGeneration>3</MetaGeneration><LastModified>2014-10-08T03:43:34.238Z</LastModified><ETag>"44443738344b887ff1fe94710a8d45dc"</ETag><Size>2898597</Size></Contents><Contents><Key>2.11/notes.txt</Key><Generation>1412731039474000</Generation><MetaGeneration>3</MetaGeneration><LastModified>2014-10-08T01:17:19.473Z</LastModified><ETag>"f235aea2d380a73053c25850ddbba6de"</ETag><Size>4963</Size></Contents><Contents><Key>2.12/chromedriver_linux32.zip</Key><Generation>1414402044626000</Generation><MetaGeneration>3</MetaGeneration><LastModified>2014-10-27T09:27:24.626Z</LastModified><ETag>"6f4041e7f8300380cc2a13babbac354e"</ETag><Size>2296539</Size></Contents><Contents><Key>2.12/chromedriver_linux64.zip</Key><Generation>1414401969734000</Generation><MetaGeneration>3</MetaGeneration><LastModified>2014-10-27T09:26:09.733Z</LastModified><ETag>"f306b93ff1b34af74371cee87d6560e4"</ETag><Size>2162844</Size></Contents><Contents><Key>2.12/chromedriver_mac32.zip</Key><Generation>1414416263998000</Generation><MetaGeneration>3</MetaGeneration><LastModified>2014-10-27T13:24:23.998Z</LastModified><ETag>"259bb87f4ebf3b0bc4792ed203bd69f5"</ETag><Size>3255376</Size></Contents><Contents><Key>2.12/chromedriver_win32.zip</Key><Generation>1414404627384000</Generation><MetaGeneration>3</MetaGeneration><LastModified>2014-10-27T10:10:27.384Z</LastModified><ETag>"51eb47ad5ea91422aa1aaa400a724e7b"</ETag><Size>2881463</Size></Contents><Contents><Key>2.12/notes.txt</Key><Generation>1414401970903000</Generation><MetaGeneration>3</MetaGeneration><LastModified>2014-10-27T09:26:10.903Z</LastModified><ETag>"81c24211e57eed0065971459c5c861ff"</ETag><Size>5701</Size></Contents><Contents><Key>2.13/chromedriver_linux32.zip</Key><Generation>1418217479776000</Generation><MetaGeneration>3</MetaGeneration><LastModified>2014-12-10T13:17:59.776Z</LastModified><ETag>"187dbe7973c82e59446d5bca7ed40acd"</ETag><Size>2341730</Size></Contents><Contents><Key>2.13/chromedriver_linux64.zip</Key><Generation>1418217778005000</Generation><MetaGeneration>3</MetaGeneration><LastModified>2014-12-10T13:22:58.004Z</LastModified><ETag>"fcfd993330704f8cfb307a2fca5a9687"</ETag><Size>2208167</Size></Contents><Contents><Key>2.13/chromedriver_mac32.zip</Key><Generation>1418220174517000</Generation><MetaGeneration>3</MetaGeneration><LastModified>2014-12-10T14:02:54.517Z</LastModified><ETag>"e37a65a1be68523385761d29decf15d4"</ETag><Size>3429521</Size></Contents><Contents><Key>2.13/chromedriver_win32.zip</Key><Generation>1418218847685000</Generation><MetaGeneration>3</MetaGeneration><LastModified>2014-12-10T13:40:47.685Z</LastModified><ETag>"ae85407694d3849450a25431f9669a81"</ETag><Size>2416584</Size></Contents><Contents><Key>2.13/notes.txt</Key><Generation>1418217481123000</Generation><MetaGeneration>3</MetaGeneration><LastModified>2014-12-10T13:18:01.123Z</LastModified><ETag>"a57d33a29c8c5ec7ca9c88aa1385fed0"</ETag><Size>6427</Size></Contents><Contents><Key>2.14/chromedriver_linux32.zip</Key><Generation>1422443220679000</Generation><MetaGeneration>3</MetaGeneration><LastModified>2015-01-28T11:07:00.679Z</LastModified><ETag>"f130cb3b94a8fbd28212f18c929f79ee"</ETag><Size>2371806</Size></Contents><Contents><Key>2.14/chromedriver_linux64.zip</Key><Generation>1422450557964000</Generation><MetaGeneration>3</MetaGeneration><LastModified>2015-01-28T13:09:17.963Z</LastModified><ETag>"8368d266bd832ff2ea292baedbc770be"</ETag><Size>2248753</Size></Contents><Contents><Key>2.14/chromedriver_mac32.zip</Key><Generation>1422437367341000</Generation><MetaGeneration>3</MetaGeneration><LastModified>2015-01-28T09:29:27.341Z</LastModified><ETag>"2b8a3e7249c80dec95264cbb55c897ed"</ETag><Size>3478165</Size></Contents><Contents><Key>2.14/chromedriver_win32.zip</Key><Generation>1422486303863000</Generation><MetaGeneration>3</MetaGeneration><LastModified>2015-01-28T23:05:03.862Z</LastModified><ETag>"00c70587c3e215f030307d546b315323"</ETag><Size>2402133</Size></Contents><Contents><Key>2.14/notes.txt</Key><Generation>1422481920832000</Generation><MetaGeneration>3</MetaGeneration><LastModified>2015-01-28T21:52:00.831Z</LastModified><ETag>"3ea820228a6302426ed5db059df2df7a"</ETag><Size>6874</Size></Contents><Contents><Key>2.15/chromedriver_linux32.zip</Key><Generation>1427420498917000</Generation><MetaGeneration>3</MetaGeneration><LastModified>2015-03-27T01:41:38.915Z</LastModified><ETag>"844c200a4d8e79ad68d76ed68f67aadd"</ETag><Size>2421534</Size></Contents><Contents><Key>2.15/chromedriver_linux64.zip</Key><Generation>1427418956503000</Generation><MetaGeneration>3</MetaGeneration><LastModified>2015-03-27T01:15:56.502Z</LastModified><ETag>"21c22803a1fd903ba15ea21ee81de317"</ETag><Size>2281614</Size></Contents><Contents><Key>2.15/chromedriver_mac32.zip</Key><Generation>1427407699899000</Generation><MetaGeneration>3</MetaGeneration><LastModified>2015-03-26T22:08:19.898Z</LastModified><ETag>"3842a1ed3edc23997ca78bc980310024"</ETag><Size>3510869</Size></Contents><Contents><Key>2.15/chromedriver_win32.zip</Key><Generation>1427421316760000</Generation><MetaGeneration>3</MetaGeneration><LastModified>2015-03-27T01:55:16.759Z</LastModified><ETag>"c75b03bf76ab53d185fc18fc89ca1af9"</ETag><Size>2459585</Size></Contents><Contents><Key>2.15/notes.txt</Key><Generation>1427407702171000</Generation><MetaGeneration>3</MetaGeneration><LastModified>2015-03-26T22:08:22.170Z</LastModified><ETag>"3c037b0df2c031f17465f6fca11fe7b9"</ETag><Size>6951</Size></Contents><Contents><Key>2.16/chromedriver_linux32.zip</Key><Generation>1433768153271000</Generation><MetaGeneration>3</MetaGeneration><LastModified>2015-06-08T12:55:53.270Z</LastModified><ETag>"fffdb4c098adc2ab61b0e0f5b694f27e"</ETag><Size>2417477</Size></Contents><Contents><Key>2.16/chromedriver_linux64.zip</Key><Generation>1433775187713000</Generation><MetaGeneration>3</MetaGeneration><LastModified>2015-06-08T14:53:07.712Z</LastModified><ETag>"fa8e1bc6f9ce474582876653604d675e"</ETag><Size>2278361</Size></Contents><Contents><Key>2.16/chromedriver_mac32.zip</Key><Generation>1433770172119000</Generation><MetaGeneration>3</MetaGeneration><LastModified>2015-06-08T13:29:32.115Z</LastModified><ETag>"3ae88facdc6ad1b716820cc5f678a6c4"</ETag><Size>3500362</Size></Contents><Contents><Key>2.16/chromedriver_win32.zip</Key><Generation>1433766655879000</Generation><MetaGeneration>3</MetaGeneration><LastModified>2015-06-08T12:30:55.879Z</LastModified><ETag>"3e1b4a91e12a9872a4ed83c9e61c122e"</ETag><Size>2443735</Size></Contents><Contents><Key>2.16/notes.txt</Key><Generation>1434732771516000</Generation><MetaGeneration>3</MetaGeneration><LastModified>2015-06-19T16:52:51.515Z</LastModified><ETag>"5ca0cfcb8ce5303b1006f23e33b1aa71"</ETag><Size>7517</Size></Contents><Contents><Key>2.17/chromedriver_linux64.zip</Key><Generation>1438329406043000</Generation><MetaGeneration>3</MetaGeneration><LastModified>2015-07-31T07:56:46.043Z</LastModified><ETag>"569364de37c2743597cd6b8bb333d21a"</ETag><Size>2529001</Size></Contents><Contents><Key>2.17/chromedriver_mac32.zip</Key><Generation>1438360511925000</Generation><MetaGeneration>3</MetaGeneration><LastModified>2015-07-31T16:35:11.924Z</LastModified><ETag>"aa2b200f118f8eaa7ed1d6bd7ca49005"</ETag><Size>3499908</Size></Contents><Contents><Key>2.17/chromedriver_win32.zip</Key><Generation>1438294304810000</Generation><MetaGeneration>3</MetaGeneration><LastModified>2015-07-30T22:11:44.809Z</LastModified><ETag>"bfa2d4c80e701980b5fd656e85329806"</ETag><Size>2446222</Size></Contents><Contents><Key>2.18/chromedriver_linux32.zip</Key><Generation>1439956086741000</Generation><MetaGeneration>3</MetaGeneration><LastModified>2015-08-19T03:48:06.740Z</LastModified><ETag>"0ac230f5f19c72cebf3042970217ad01"</ETag><Size>2628374</Size></Contents><Contents><Key>2.18/chromedriver_linux64.zip</Key><Generation>1439963151803000</Generation><MetaGeneration>3</MetaGeneration><LastModified>2015-08-19T05:45:51.802Z</LastModified><ETag>"709e2dd132ac6c2a09de084fdc19db45"</ETag><Size>2532822</Size></Contents><Contents><Key>2.18/chromedriver_mac32.zip</Key><Generation>1440001575272000</Generation><MetaGeneration>3</MetaGeneration><LastModified>2015-08-19T16:26:15.271Z</LastModified><ETag>"6839b10023a48d87c4835481b9fad7a7"</ETag><Size>3519120</Size></Contents><Contents><Key>2.18/chromedriver_win32.zip</Key><Generation>1440042647250000</Generation><MetaGeneration>3</MetaGeneration><LastModified>2015-08-20T03:50:47.188Z</LastModified><ETag>"4bdfb306e2bce6bf42e663617578ca24"</ETag><Size>2464234</Size></Contents><Contents><Key>2.18/notes.txt</Key><Generation>1440043360290000</Generation><MetaGeneration>3</MetaGeneration><LastModified>2015-08-20T04:02:40.289Z</LastModified><ETag>"43fb06f163f3019e4d2814ef54e2c0fa"</ETag><Size>406</Size></Contents><Contents><Key>2.19/chromedriver_linux32.zip</Key><Generation>1440749738688000</Generation><MetaGeneration>3</MetaGeneration><LastModified>2015-08-28T08:15:38.687Z</LastModified><ETag>"b1e881182574cd2354c00c384d0949cc"</ETag><Size>2627270</Size></Contents><Contents><Key>2.19/chromedriver_linux64.zip</Key><Generation>1440742715586000</Generation><MetaGeneration>3</MetaGeneration><LastModified>2015-08-28T06:18:35.585Z</LastModified><ETag>"9e476aa088baab9bed9c1a5e7007c9c3"</ETag><Size>2540107</Size></Contents><Contents><Key>2.19/chromedriver_mac32.zip</Key><Generation>1440742182122000</Generation><MetaGeneration>3</MetaGeneration><LastModified>2015-08-28T06:09:42.121Z</LastModified><ETag>"425ed409f989f4ca9eb1f2a745039b59"</ETag><Size>3530008</Size></Contents><Contents><Key>2.19/chromedriver_win32.zip</Key><Generation>1440742646899000</Generation><MetaGeneration>3</MetaGeneration><LastModified>2015-08-28T06:17:26.898Z</LastModified><ETag>"4bc98ef466ef49e45fbee95a003e01b8"</ETag><Size>2468633</Size></Contents><Contents><Key>2.19/notes.txt</Key><Generation>1440779771082000</Generation><MetaGeneration>3</MetaGeneration><LastModified>2015-08-28T16:36:11.081Z</LastModified><ETag>"bb7099e4ad9618f5aca2f8009e4fb82d"</ETag><Size>756</Size></Contents><Contents><Key>2.2/chromedriver_linux32.zip</Key><Generation>1380149878519000</Generation><MetaGeneration>4</MetaGeneration><LastModified>2013-09-25T22:57:58.374Z</LastModified><ETag>"801b9f6c28a32575d8eae2abb1cdecd5"</ETag><Size>7252879</Size></Contents><Contents><Key>2.2/chromedriver_linux64.zip</Key><Generation>1380149879600000</Generation><MetaGeneration>4</MetaGeneration><LastModified>2013-09-25T22:57:59.432Z</LastModified><ETag>"d5b73ee424717e45601553e91e204ad6"</ETag><Size>7417835</Size></Contents><Contents><Key>2.2/chromedriver_mac32.zip</Key><Generation>1380149876563000</Generation><MetaGeneration>4</MetaGeneration><LastModified>2013-09-25T22:57:56.408Z</LastModified><ETag>"e904e2ed0ebcc453492a9fe0550665ee"</ETag><Size>7634565</Size></Contents><Contents><Key>2.2/chromedriver_win32.zip</Key><Generation>1380149877467000</Generation><MetaGeneration>4</MetaGeneration><LastModified>2013-09-25T22:57:57.313Z</LastModified><ETag>"c86ce20925db2d16118559cbe6693c6f"</ETag><Size>2978752</Size></Contents><Contents><Key>2.20/chromedriver_linux32.zip</Key><Generation>1444349629569000</Generation><MetaGeneration>3</MetaGeneration><LastModified>2015-10-09T00:13:49.568Z</LastModified><ETag>"1e8cbdb84c5b70f86030297c4be3a5f9"</ETag><Size>2612186</Size></Contents><Contents><Key>2.20/chromedriver_linux64.zip</Key><Generation>1444346907063000</Generation><MetaGeneration>3</MetaGeneration><LastModified>2015-10-08T23:28:27.062Z</LastModified><ETag>"245858cc984bd946df6a1e6719c8e6f5"</ETag><Size>2528233</Size></Contents><Contents><Key>2.20/chromedriver_mac32.zip</Key><Generation>1444346568789000</Generation><MetaGeneration>3</MetaGeneration><LastModified>2015-10-08T23:22:48.789Z</LastModified><ETag>"749d4be0a317e92fd3aecaa022385439"</ETag><Size>3516443</Size></Contents><Contents><Key>2.20/chromedriver_win32.zip</Key><Generation>1444352264286000</Generation><MetaGeneration>3</MetaGeneration><LastModified>2015-10-09T00:57:44.285Z</LastModified><ETag>"028ee452b8e23890ec5ec6b0717fd295"</ETag><Size>2456101</Size></Contents><Contents><Key>2.20/notes.txt</Key><Generation>1444346573055000</Generation><MetaGeneration>3</MetaGeneration><LastModified>2015-10-08T23:22:53.054Z</LastModified><ETag>"fda30d3acf1a10aa9b193b3121787d80"</ETag><Size>1174</Size></Contents><Contents><Key>2.21/chromedriver_linux32.zip</Key><Generation>1453790859217000</Generation><MetaGeneration>3</MetaGeneration><LastModified>2016-01-26T06:47:39.216Z</LastModified><ETag>"d0a589f70e53774db95bf6f46972837c"</ETag><Size>2773434</Size></Contents><Contents><Key>2.21/chromedriver_linux64.zip</Key><Generation>1453823463856000</Generation><MetaGeneration>3</MetaGeneration><LastModified>2016-01-26T15:51:03.855Z</LastModified><ETag>"06e57f4c411e1135c6277d17ea8390fd"</ETag><Size>2692616</Size></Contents><Contents><Key>2.21/chromedriver_mac32.zip</Key><Generation>1453795148425000</Generation><MetaGeneration>3</MetaGeneration><LastModified>2016-01-26T07:59:08.424Z</LastModified><ETag>"452d8c9cba353ba366d15fbeba013943"</ETag><Size>3727281</Size></Contents><Contents><Key>2.21/chromedriver_win32.zip</Key><Generation>1453790823425000</Generation><MetaGeneration>3</MetaGeneration><LastModified>2016-01-26T06:47:03.424Z</LastModified><ETag>"8a93dc3ff02ef9bc3161dd4b20f87215"</ETag><Size>2598298</Size></Contents><Contents><Key>2.21/notes.txt</Key><Generation>1454023503441000</Generation><MetaGeneration>3</MetaGeneration><LastModified>2016-01-28T23:25:03.393Z</LastModified><ETag>"d8d67de107327522f0728fb389fee377"</ETag><Size>2546</Size></Contents><Contents><Key>2.22/chromedriver_linux32.zip</Key><Generation>1465074179409000</Generation><MetaGeneration>3</MetaGeneration><LastModified>2016-06-04T21:02:59.407Z</LastModified><ETag>"c498db13c92abf0d504c784d2191e9b1"</ETag><Size>2958416</Size></Contents><Contents><Key>2.22/chromedriver_linux64.zip</Key><Generation>1465070090313000</Generation><MetaGeneration>3</MetaGeneration><LastModified>2016-06-04T19:54:50.312Z</LastModified><ETag>"2a5e6ccbceb9f498788dc257334dfaa3"</ETag><Size>2722491</Size></Contents><Contents><Key>2.22/chromedriver_mac32.zip</Key><Generation>1465071130905000</Generation><MetaGeneration>3</MetaGeneration><LastModified>2016-06-04T20:12:10.903Z</LastModified><ETag>"eed98b5a2895b9cd2432fa52f7091a71"</ETag><Size>3909903</Size></Contents><Contents><Key>2.22/chromedriver_win32.zip</Key><Generation>1465073479733000</Generation><MetaGeneration>3</MetaGeneration><LastModified>2016-06-04T20:51:19.732Z</LastModified><ETag>"c5962f884bd58987b1ef0fa04c6a3ce5"</ETag><Size>2736710</Size></Contents><Contents><Key>2.22/notes.txt</Key><Generation>1465237937804000</Generation><MetaGeneration>3</MetaGeneration><LastModified>2016-06-06T18:32:17.792Z</LastModified><ETag>"c08143737d292f4b0294745f7ae6a968"</ETag><Size>3677</Size></Contents><Contents><Key>2.23/chromedriver_linux32.zip</Key><Generation>1470338000375000</Generation><MetaGeneration>3</MetaGeneration><LastModified>2016-08-04T19:13:20.374Z</LastModified><ETag>"45df7fb52f4cba39a5bdcdaf2c16e171"</ETag><Size>3142707</Size></Contents><Contents><Key>2.23/chromedriver_linux64.zip</Key><Generation>1470337322313000</Generation><MetaGeneration>3</MetaGeneration><LastModified>2016-08-04T19:02:02.309Z</LastModified><ETag>"cc89692d75fb0bdfe700ec0ca19808a5"</ETag><Size>3121199</Size></Contents><Contents><Key>2.23/chromedriver_mac64.zip</Key><Generation>1470957885071000</Generation><MetaGeneration>3</MetaGeneration><LastModified>2016-08-11T23:24:45.069Z</LastModified><ETag>"92fa9afe62c75557bc08af3fe3450b2b"</ETag><Size>4577224</Size></Contents><Contents><Key>2.23/chromedriver_win32.zip</Key><Generation>1470345180550000</Generation><MetaGeneration>3</MetaGeneration><LastModified>2016-08-04T21:13:00.546Z</LastModified><ETag>"6856adb07cc8683d2a1587c05f37f1be"</ETag><Size>2558586</Size></Contents><Contents><Key>2.23/notes.txt</Key><Generation>1471544282929000</Generation><MetaGeneration>3</MetaGeneration><LastModified>2016-08-18T18:18:02.910Z</LastModified><ETag>"4fd49a545428804a23905a4637c461d7"</ETag><Size>4015</Size></Contents><Contents><Key>2.24/chromedriver_linux32.zip</Key><Generation>1473477991313000</Generation><MetaGeneration>3</MetaGeneration><LastModified>2016-09-10T03:26:31.312Z</LastModified><ETag>"8e6b6d358f1b919a0d1369f90d61e1a4"</ETag><Size>3154004</Size></Contents><Contents><Key>2.24/chromedriver_linux64.zip</Key><Generation>1473382634658000</Generation><MetaGeneration>3</MetaGeneration><LastModified>2016-09-09T00:57:14.652Z</LastModified><ETag>"c56e41bdc769ad2c31225b8495fc1a93"</ETag><Size>3116161</Size></Contents><Contents><Key>2.24/chromedriver_mac64.zip</Key><Generation>1473386313768000</Generation><MetaGeneration>3</MetaGeneration><LastModified>2016-09-09T01:58:33.765Z</LastModified><ETag>"d117b66fac514344eaf80691ae9a4687"</ETag><Size>4592623</Size></Contents><Contents><Key>2.24/chromedriver_win32.zip</Key><Generation>1473389462880000</Generation><MetaGeneration>3</MetaGeneration><LastModified>2016-09-09T02:51:02.878Z</LastModified><ETag>"1a46c83926f891d502427df10b4646b9"</ETag><Size>3464930</Size></Contents><Contents><Key>2.24/notes.txt</Key><Generation>1473455450249000</Generation><MetaGeneration>3</MetaGeneration><LastModified>2016-09-09T21:10:50.233Z</LastModified><ETag>"a11c6f26625d160f76fc1fb9c5575a19"</ETag><Size>5052</Size></Contents><Contents><Key>2.25/chromedriver_linux32.zip</Key><Generation>1477121565096000</Generation><MetaGeneration>3</MetaGeneration><LastModified>2016-10-22T07:32:45.094Z</LastModified><ETag>"175ac6d5a9d7579b612809434020fd3c"</ETag><Size>3182442</Size></Contents><Contents><Key>2.25/chromedriver_linux64.zip</Key><Generation>1477102604586000</Generation><MetaGeneration>3</MetaGeneration><LastModified>2016-10-22T02:16:44.584Z</LastModified><ETag>"16673c4a4262d0f4c01836b5b3b2b110"</ETag><Size>3141794</Size></Contents><Contents><Key>2.25/chromedriver_mac64.zip</Key><Generation>1477117431115000</Generation><MetaGeneration>3</MetaGeneration><LastModified>2016-10-22T06:23:51.114Z</LastModified><ETag>"384031f9bb782edce149c0bea89921b6"</ETag><Size>4563462</Size></Contents><Contents><Key>2.25/chromedriver_win32.zip</Key><Generation>1477113954064000</Generation><MetaGeneration>3</MetaGeneration><LastModified>2016-10-22T05:25:54.062Z</LastModified><ETag>"2727729883ac960c2edd63558f08f601"</ETag><Size>3521408</Size></Contents><Contents><Key>2.25/notes.txt</Key><Generation>1477435098118000</Generation><MetaGeneration>3</MetaGeneration><LastModified>2016-10-25T22:38:18.106Z</LastModified><ETag>"3ff9054860925ff9e891d3644cf40051"</ETag><Size>5414</Size></Contents><Contents><Key>2.26/chromedriver_linux32.zip</Key><Generation>1481076236199000</Generation><MetaGeneration>3</MetaGeneration><LastModified>2016-12-07T02:03:56.198Z</LastModified><ETag>"b89d58dbd6182b3d30653a28eb304850"</ETag><Size>3367978</Size></Contents><Contents><Key>2.26/chromedriver_linux64.zip</Key><Generation>1480980256590000</Generation><MetaGeneration>3</MetaGeneration><LastModified>2016-12-05T23:24:16.587Z</LastModified><ETag>"3cdae483af1e54c6732abc9af875b9c1"</ETag><Size>3328958</Size></Contents><Contents><Key>2.26/chromedriver_mac64.zip</Key><Generation>1481065727362000</Generation><MetaGeneration>3</MetaGeneration><LastModified>2016-12-06T23:08:47.361Z</LastModified><ETag>"d5ef788e1a5b4bfdb22836a45078f0c1"</ETag><Size>4589475</Size></Contents><Contents><Key>2.26/chromedriver_win32.zip</Key><Generation>1480986715586000</Generation><MetaGeneration>3</MetaGeneration><LastModified>2016-12-06T01:11:55.585Z</LastModified><ETag>"05b5f443cb1f363b81a9ac7618e862bd"</ETag><Size>3653714</Size></Contents><Contents><Key>2.26/notes.txt</Key><Generation>1481328397854000</Generation><MetaGeneration>3</MetaGeneration><LastModified>2016-12-10T00:06:37.841Z</LastModified><ETag>"f4acca44d7620423e556e5d3c59ddc82"</ETag><Size>6502</Size></Contents><Contents><Key>2.27/chromedriver_linux32.zip</Key><Generation>1482464809376000</Generation><MetaGeneration>3</MetaGeneration><LastModified>2016-12-23T03:46:49.374Z</LastModified><ETag>"980387b5885be8f69343ba9f11cc7a9f"</ETag><Size>3366113</Size></Contents><Contents><Key>2.27/chromedriver_linux64.zip</Key><Generation>1482362999699000</Generation><MetaGeneration>3</MetaGeneration><LastModified>2016-12-21T23:29:59.697Z</LastModified><ETag>"c6d21c8fecf8bd0b880b2c36692153ef"</ETag><Size>3337834</Size></Contents><Contents><Key>2.27/chromedriver_mac64.zip</Key><Generation>1482361623295000</Generation><MetaGeneration>3</MetaGeneration><LastModified>2016-12-21T23:07:03.291Z</LastModified><ETag>"56d908397af997f04fab32c05a26b994"</ETag><Size>4604418</Size></Contents><Contents><Key>2.27/chromedriver_win32.zip</Key><Generation>1482363909979000</Generation><MetaGeneration>3</MetaGeneration><LastModified>2016-12-21T23:45:09.977Z</LastModified><ETag>"2125188a206e2258364c3e46f07724e5"</ETag><Size>3665470</Size></Contents><Contents><Key>2.27/notes.txt</Key><Generation>1482517721706000</Generation><MetaGeneration>3</MetaGeneration><LastModified>2016-12-23T18:28:41.690Z</LastModified><ETag>"c8e31eb43d3b9d9137b4ece5d546bd76"</ETag><Size>6698</Size></Contents><Contents><Key>2.28/chromedriver_linux32.zip</Key><Generation>1489023441644719</Generation><MetaGeneration>3</MetaGeneration><LastModified>2017-03-09T01:37:21.636Z</LastModified><ETag>"82e4c112862be0e7e06e5ddcbe8b077c"</ETag><Size>3487993</Size></Contents><Contents><Key>2.28/chromedriver_linux64.zip</Key><Generation>1489013591247000</Generation><MetaGeneration>3</MetaGeneration><LastModified>2017-03-08T22:53:11.244Z</LastModified><ETag>"a72088c0a6b018ded2c0fff616da8f65"</ETag><Size>3458530</Size></Contents><Contents><Key>2.28/chromedriver_mac64.zip</Key><Generation>1489036912607000</Generation><MetaGeneration>3</MetaGeneration><LastModified>2017-03-09T05:21:52.604Z</LastModified><ETag>"7261a8a4d45f63e6c6f5b712e089cbc3"</ETag><Size>4847203</Size></Contents><Contents><Key>2.28/chromedriver_win32.zip</Key><Generation>1489030730635000</Generation><MetaGeneration>3</MetaGeneration><LastModified>2017-03-09T03:38:50.634Z</LastModified><ETag>"daef8743d113cecc3bfe0c65c3423565"</ETag><Size>3794861</Size></Contents><Contents><Key>2.28/notes.txt</Key><Generation>1489093687392000</Generation><MetaGeneration>3</MetaGeneration><LastModified>2017-03-09T21:08:07.350Z</LastModified><ETag>"d1dffdb6223ab6a7d886c4b5db2ad829"</ETag><Size>7230</Size></Contents><Contents><Key>2.29/chromedriver_linux32.zip</Key><Generation>1491279504035000</Generation><MetaGeneration>3</MetaGeneration><LastModified>2017-04-04T04:18:24.031Z</LastModified><ETag>"ba8f027f85b60ba5b46d3913f8135ec2"</ETag><Size>3436829</Size></Contents><Contents><Key>2.29/chromedriver_linux64.zip</Key><Generation>1491268881956559</Generation><MetaGeneration>3</MetaGeneration><LastModified>2017-04-04T01:21:21.907Z</LastModified><ETag>"06a3f9c57ced2e3ea4e7f3ec258b3957"</ETag><Size>3400599</Size></Contents><Contents><Key>2.29/chromedriver_mac64.zip</Key><Generation>1491285353066000</Generation><MetaGeneration>3</MetaGeneration><LastModified>2017-04-04T05:55:53.064Z</LastModified><ETag>"5d71bc70834c2ad8a7baf7a901d53566"</ETag><Size>4855744</Size></Contents><Contents><Key>2.29/chromedriver_win32.zip</Key><Generation>1491283750502000</Generation><MetaGeneration>3</MetaGeneration><LastModified>2017-04-04T05:29:10.500Z</LastModified><ETag>"b6e3a3fa31d2b45e482b44dcf8abd833"</ETag><Size>3796497</Size></Contents><Contents><Key>2.29/notes.txt</Key><Generation>1491321657076000</Generation><MetaGeneration>3</MetaGeneration><LastModified>2017-04-04T16:00:57.032Z</LastModified><ETag>"f31bb0b18e17e774f33cef84ad03e9b6"</ETag><Size>7599</Size></Contents><Contents><Key>2.3/chromedriver_linux32.zip</Key><Generation>1380149888081000</Generation><MetaGeneration>4</MetaGeneration><LastModified>2013-09-25T22:58:07.947Z</LastModified><ETag>"f3af4d92060e6d61c2d2ed86ad584246"</ETag><Size>7310301</Size></Contents><Contents><Key>2.3/chromedriver_linux64.zip</Key><Generation>1380149889817000</Generation><MetaGeneration>4</MetaGeneration><LastModified>2013-09-25T22:58:09.620Z</LastModified><ETag>"1a816cc185a15af4d450805629790b0a"</ETag><Size>7481138</Size></Contents><Contents><Key>2.3/chromedriver_mac32.zip</Key><Generation>1380149885736000</Generation><MetaGeneration>4</MetaGeneration><LastModified>2013-09-25T22:58:05.567Z</LastModified><ETag>"4d72ca0fa6dbddfa1e42dbd1ef0045cc"</ETag><Size>7678021</Size></Contents><Contents><Key>2.3/chromedriver_win32.zip</Key><Generation>1380149886823000</Generation><MetaGeneration>4</MetaGeneration><LastModified>2013-09-25T22:58:06.499Z</LastModified><ETag>"3226a146a6b97f2a111d3b2be9b0193f"</ETag><Size>3001138</Size></Contents><Contents><Key>2.3/notes.txt</Key><Generation>1380149888474000</Generation><MetaGeneration>4</MetaGeneration><LastModified>2013-09-25T22:58:08.474Z</LastModified><ETag>"3ddc6ac82f5acc8d248b117146ab9b1b"</ETag><Size>591</Size></Contents><Contents><Key>2.30/chromedriver_linux32.zip</Key><Generation>1496885675230429</Generation><MetaGeneration>3</MetaGeneration><LastModified>2017-06-08T01:34:35.218Z</LastModified><ETag>"ea9eab8df2c5eff60dff7cfee4c7b5f5"</ETag><Size>3891104</Size></Contents><Contents><Key>2.30/chromedriver_linux64.zip</Key><Generation>1496876004665899</Generation><MetaGeneration>3</MetaGeneration><LastModified>2017-06-07T22:53:24.655Z</LastModified><ETag>"122a978861d06bd10049609a92018b89"</ETag><Size>3864914</Size></Contents><Contents><Key>2.30/chromedriver_mac64.zip</Key><Generation>1496877410740616</Generation><MetaGeneration>3</MetaGeneration><LastModified>2017-06-07T23:16:50.692Z</LastModified><ETag>"e3f9380ecadad5a28982e841b1b31f90"</ETag><Size>5197614</Size></Contents><Contents><Key>2.30/chromedriver_win32.zip</Key><Generation>1496880782872793</Generation><MetaGeneration>3</MetaGeneration><LastModified>2017-06-08T00:13:02.717Z</LastModified><ETag>"de7a8f2a26ea75f665905276e51a9d62"</ETag><Size>3995151</Size></Contents><Contents><Key>2.30/notes.txt</Key><Generation>1496940698901235</Generation><MetaGeneration>3</MetaGeneration><LastModified>2017-06-08T16:51:38.835Z</LastModified><ETag>"1df1017b967f6091cd527c38858b09ec"</ETag><Size>8719</Size></Contents><Contents><Key>2.31/chromedriver_linux32.zip</Key><Generation>1500697758786744</Generation><MetaGeneration>3</MetaGeneration><LastModified>2017-07-22T04:29:18.776Z</LastModified><ETag>"5ef1ded5d4d8b388af8e8c72bf44f584"</ETag><Size>4014602</Size></Contents><Contents><Key>2.31/chromedriver_linux64.zip</Key><Generation>1500685704096284</Generation><MetaGeneration>3</MetaGeneration><LastModified>2017-07-22T01:08:24.087Z</LastModified><ETag>"e95c696646102e38d8543b89b7eaa4a5"</ETag><Size>3981209</Size></Contents><Contents><Key>2.31/chromedriver_mac64.zip</Key><Generation>1500688540943952</Generation><MetaGeneration>3</MetaGeneration><LastModified>2017-07-22T01:55:40.897Z</LastModified><ETag>"b77c9c71b52302fcfe6b40dcd143f1d0"</ETag><Size>5170321</Size></Contents><Contents><Key>2.31/chromedriver_win32.zip</Key><Generation>1500690332181870</Generation><MetaGeneration>3</MetaGeneration><LastModified>2017-07-22T02:25:32.137Z</LastModified><ETag>"6a6e8cd245742f20d61b7dac743844fb"</ETag><Size>4016507</Size></Contents><Contents><Key>2.31/notes.txt</Key><Generation>1500904840700524</Generation><MetaGeneration>3</MetaGeneration><LastModified>2017-07-24T14:00:40.663Z</LastModified><ETag>"4162c16693123982fdf86a969631fc7a"</ETag><Size>9767</Size></Contents><Contents><Key>2.32/chromedriver_linux32.zip</Key><Generation>1504290222778365</Generation><MetaGeneration>3</MetaGeneration><LastModified>2017-09-01T18:23:42.761Z</LastModified><ETag>"cff992a0ed32b048c7c9673b2a664483"</ETag><Size>4103630</Size></Contents><Contents><Key>2.32/chromedriver_linux64.zip</Key><Generation>1504123624366303</Generation><MetaGeneration>3</MetaGeneration><LastModified>2017-08-30T20:07:04.354Z</LastModified><ETag>"e01376ceef2330a1ca0eed76541a3282"</ETag><Size>4073520</Size></Contents><Contents><Key>2.32/chromedriver_mac64.zip</Key><Generation>1504128471796223</Generation><MetaGeneration>3</MetaGeneration><LastModified>2017-08-30T21:27:51.746Z</LastModified><ETag>"926d81c59c2c1ef6012fe74b29d74457"</ETag><Size>5206833</Size></Contents><Contents><Key>2.32/chromedriver_win32.zip</Key><Generation>1504134777636757</Generation><MetaGeneration>3</MetaGeneration><LastModified>2017-08-30T23:12:57.590Z</LastModified><ETag>"f99a119eb94dfe94dd9f41fe6a4970c7"</ETag><Size>4073937</Size></Contents><Contents><Key>2.32/notes.txt</Key><Generation>1504139547884241</Generation><MetaGeneration>3</MetaGeneration><LastModified>2017-08-31T00:32:27.857Z</LastModified><ETag>"d675fa7eff239fb885abfc9d8af99084"</ETag><Size>11099</Size></Contents><Contents><Key>2.33/chromedriver_linux32.zip</Key><Generation>1507177127825522</Generation><MetaGeneration>3</MetaGeneration><LastModified>2017-10-05T04:18:47.810Z</LastModified><ETag>"e936493c0f4ceeb7f6b504a491daa25c"</ETag><Size>4112345</Size></Contents><Contents><Key>2.33/chromedriver_linux64.zip</Key><Generation>1507064992981772</Generation><MetaGeneration>3</MetaGeneration><LastModified>2017-10-03T21:09:52.970Z</LastModified><ETag>"6dc329fb8ecdff6a9f74eea053434662"</ETag><Size>4091651</Size></Contents><Contents><Key>2.33/chromedriver_mac64.zip</Key><Generation>1507073931449265</Generation><MetaGeneration>3</MetaGeneration><LastModified>2017-10-03T23:38:51.405Z</LastModified><ETag>"3d520b8ede8e9deb8c9a2efe2aec5f35"</ETag><Size>5426372</Size></Contents><Contents><Key>2.33/chromedriver_win32.zip</Key><Generation>1507069520611499</Generation><MetaGeneration>3</MetaGeneration><LastModified>2017-10-03T22:25:20.567Z</LastModified><ETag>"718df64a6e2b2efde50b26ac22fde229"</ETag><Size>4224500</Size></Contents><Contents><Key>2.33/notes.txt</Key><Generation>1507133834259422</Generation><MetaGeneration>3</MetaGeneration><LastModified>2017-10-04T16:17:14.226Z</LastModified><ETag>"d804e91269565d348bcb877965d7b590"</ETag><Size>11763</Size></Contents><Contents><Key>2.34/chromedriver_linux64.zip</Key><Generation>1512884654048087</Generation><MetaGeneration>3</MetaGeneration><LastModified>2017-12-10T05:44:14.043Z</LastModified><ETag>"5cb836b6e1842e3fc6abb34d00d3ad68"</ETag><Size>3730403</Size></Contents><Contents><Key>2.34/chromedriver_mac64.zip</Key><Generation>1512880535394126</Generation><MetaGeneration>3</MetaGeneration><LastModified>2017-12-10T04:35:35.230Z</LastModified><ETag>"5a8905f921bd7ecc49ccf45cb0073ea7"</ETag><Size>5290502</Size></Contents><Contents><Key>2.34/chromedriver_win32.zip</Key><Generation>1512876526226654</Generation><MetaGeneration>3</MetaGeneration><LastModified>2017-12-10T03:28:46.062Z</LastModified><ETag>"c97886e3d08531e7b65a368ef169b46e"</ETag><Size>3299360</Size></Contents><Contents><Key>2.34/notes.txt</Key><Generation>1513006955461727</Generation><MetaGeneration>3</MetaGeneration><LastModified>2017-12-11T15:42:35.423Z</LastModified><ETag>"f1ca3b0510d61fbb029e51974f89d9e0"</ETag><Size>12142</Size></Contents><Contents><Key>2.35/chromedriver_linux64.zip</Key><Generation>1515551757507218</Generation><MetaGeneration>3</MetaGeneration><LastModified>2018-01-10T02:35:57.501Z</LastModified><ETag>"e6d0298d3e1ed23f6639805d13ac2ae4"</ETag><Size>3721349</Size></Contents><Contents><Key>2.35/chromedriver_mac64.zip</Key><Generation>1515557172395247</Generation><MetaGeneration>3</MetaGeneration><LastModified>2018-01-10T04:06:12.351Z</LastModified><ETag>"720f6f8ab16dd3fcc0d5928402ac9f92"</ETag><Size>5508030</Size></Contents><Contents><Key>2.35/chromedriver_win32.zip</Key><Generation>1515619180660524</Generation><MetaGeneration>3</MetaGeneration><LastModified>2018-01-10T21:19:40.496Z</LastModified><ETag>"de52d0a610fb97fadc02301bc705c12b"</ETag><Size>3333556</Size></Contents><Contents><Key>2.35/notes.txt</Key><Generation>1515624252603224</Generation><MetaGeneration>3</MetaGeneration><LastModified>2018-01-10T22:44:12.530Z</LastModified><ETag>"d3bb3cea8e65d290aab9ed3d60a25d7b"</ETag><Size>12590</Size></Contents><Contents><Key>2.36/chromedriver_linux64.zip</Key><Generation>1519985960496918</Generation><MetaGeneration>3</MetaGeneration><LastModified>2018-03-02T10:19:20.494Z</LastModified><ETag>"24d2004a0b6c9fb4fcd74d1966b0ca6e"</ETag><Size>3714550</Size></Contents><Contents><Key>2.36/chromedriver_mac64.zip</Key><Generation>1519982252057559</Generation><MetaGeneration>3</MetaGeneration><LastModified>2018-03-02T09:17:32.016Z</LastModified><ETag>"312cd778e385a255c60caed5ffbaf6e5"</ETag><Size>5583007</Size></Contents><Contents><Key>2.36/chromedriver_win32.zip</Key><Generation>1519989861544740</Generation><MetaGeneration>3</MetaGeneration><LastModified>2018-03-02T11:24:21.503Z</LastModified><ETag>"127536695f2f9210fab3c38d95515309"</ETag><Size>3357751</Size></Contents><Contents><Key>2.36/notes.txt</Key><Generation>1521065446810763</Generation><MetaGeneration>2</MetaGeneration><LastModified>2018-03-14T22:10:46.808Z</LastModified><ETag>"15f354899368dd308e429ada74589c1f"</ETag><Size>13427</Size></Contents><Contents><Key>2.37/chromedriver_linux64.zip</Key><Generation>1521559359328501</Generation><MetaGeneration>2</MetaGeneration><LastModified>2018-03-20T15:22:39.326Z</LastModified><ETag>"f4fbbf50eaec2b9c9e21536e39b9999e"</ETag><Size>3719424</Size></Contents><Contents><Key>2.37/chromedriver_mac64.zip</Key><Generation>1521570606690930</Generation><MetaGeneration>2</MetaGeneration><LastModified>2018-03-20T18:30:06.686Z</LastModified><ETag>"5e68436af99f9348d67127e5ab8d5eed"</ETag><Size>5515308</Size></Contents><Contents><Key>2.37/chromedriver_win32.zip</Key><Generation>1521558754125623</Generation><MetaGeneration>2</MetaGeneration><LastModified>2018-03-20T15:12:34.084Z</LastModified><ETag>"00c991baa1e51abf6d582aedae91291f"</ETag><Size>3348573</Size></Contents><Contents><Key>2.37/notes.txt</Key><Generation>1521236144528054</Generation><MetaGeneration>2</MetaGeneration><LastModified>2018-03-16T21:35:44.525Z</LastModified><ETag>"144b47991f471631ce010cd83d4c6a6c"</ETag><Size>13893</Size></Contents><Contents><Key>2.38/chromedriver_linux64.zip</Key><Generation>1524349869544209</Generation><MetaGeneration>1</MetaGeneration><LastModified>2018-04-21T22:31:09.542Z</LastModified><ETag>"a658925aaa3cd79eed075533b576c636"</ETag><Size>3772888</Size></Contents><Contents><Key>2.38/chromedriver_mac64.zip</Key><Generation>1524349870353912</Generation><MetaGeneration>1</MetaGeneration><LastModified>2018-04-21T22:31:10.352Z</LastModified><ETag>"fdab4d198278cb1a2bd7ac7441cc16a6"</ETag><Size>5577956</Size></Contents><Contents><Key>2.38/chromedriver_win32.zip</Key><Generation>1524349871060304</Generation><MetaGeneration>1</MetaGeneration><LastModified>2018-04-21T22:31:11.058Z</LastModified><ETag>"dd3fa3caf72bbb42fefc8987a5c8b8dd"</ETag><Size>3378230</Size></Contents><Contents><Key>2.38/notes.txt</Key><Generation>1524066683375118</Generation><MetaGeneration>1</MetaGeneration><LastModified>2018-04-18T15:51:23.371Z</LastModified><ETag>"45d5a4bb585318b91f32007958b45e10"</ETag><Size>14415</Size></Contents><Contents><Key>2.39/chromedriver_linux64.zip</Key><Generation>1527662692232352</Generation><MetaGeneration>1</MetaGeneration><LastModified>2018-05-30T06:44:52.231Z</LastModified><ETag>"65d4a2115bbfc507aab33655f3b4881b"</ETag><Size>3839964</Size></Contents><Contents><Key>2.39/chromedriver_mac64.zip</Key><Generation>1527661195424983</Generation><MetaGeneration>1</MetaGeneration><LastModified>2018-05-30T06:19:55.386Z</LastModified><ETag>"7d24d752a518e6bb39f8f578e221caef"</ETag><Size>5653388</Size></Contents><Contents><Key>2.39/chromedriver_win32.zip</Key><Generation>1527663681736624</Generation><MetaGeneration>1</MetaGeneration><LastModified>2018-05-30T07:01:21.698Z</LastModified><ETag>"528065e171eaa8a935d08d5422ca2022"</ETag><Size>3435016</Size></Contents><Contents><Key>2.39/notes.txt</Key><Generation>1527699777215879</Generation><MetaGeneration>1</MetaGeneration><LastModified>2018-05-30T17:02:57.213Z</LastModified><ETag>"81e6fad22b6d6b90ae22d9ff3c86286b"</ETag><Size>15137</Size></Contents><Contents><Key>2.4/chromedriver_linux32.zip</Key><Generation>1380606156436000</Generation><MetaGeneration>4</MetaGeneration><LastModified>2013-10-01T05:42:36.371Z</LastModified><ETag>"3f8ef2f01a7fb5805bed2d644569acba"</ETag><Size>7365316</Size></Contents><Contents><Key>2.4/chromedriver_linux64.zip</Key><Generation>1380605124572000</Generation><MetaGeneration>4</MetaGeneration><LastModified>2013-10-01T05:25:24.406Z</LastModified><ETag>"5e70555cbbf75e3480dd1629a35bc7e3"</ETag><Size>7536826</Size></Contents><Contents><Key>2.4/chromedriver_mac32.zip</Key><Generation>1380615154239000</Generation><MetaGeneration>4</MetaGeneration><LastModified>2013-10-01T08:12:34.120Z</LastModified><ETag>"0816b2a06428962b1a2da103eb59323c"</ETag><Size>7727580</Size></Contents><Contents><Key>2.4/chromedriver_win32.zip</Key><Generation>1380667399987000</Generation><MetaGeneration>3</MetaGeneration><LastModified>2013-10-01T22:43:19.814Z</LastModified><ETag>"0280d3a9e713a38216a4e34a9ec1fba2"</ETag><Size>2980414</Size></Contents><Contents><Key>2.4/notes.txt</Key><Generation>1380605131079000</Generation><MetaGeneration>6</MetaGeneration><LastModified>2013-10-01T05:25:31.079Z</LastModified><ETag>"91ac3af6739a33188186e16c6a76d179"</ETag><Size>1089</Size></Contents><Contents><Key>2.40/chromedriver_linux64.zip</Key><Generation>1528416152590706</Generation><MetaGeneration>1</MetaGeneration><LastModified>2018-06-08T00:02:32.589Z</LastModified><ETag>"2e3919ae1789cf1b8eba6b42e1f1984b"</ETag><Size>3860375</Size></Contents><Contents><Key>2.40/chromedriver_mac64.zip</Key><Generation>1528415060247462</Generation><MetaGeneration>1</MetaGeneration><LastModified>2018-06-07T23:44:20.210Z</LastModified><ETag>"4f4d3db44e6c00b8773086f94ba6343f"</ETag><Size>5665054</Size></Contents><Contents><Key>2.40/chromedriver_win32.zip</Key><Generation>1528434719250196</Generation><MetaGeneration>1</MetaGeneration><LastModified>2018-06-08T05:11:59.212Z</LastModified><ETag>"8383c1564bf9db94136873e69dd71c1c"</ETag><Size>3457722</Size></Contents><Contents><Key>2.40/notes.txt</Key><Generation>1528416053864704</Generation><MetaGeneration>1</MetaGeneration><LastModified>2018-06-08T00:00:53.863Z</LastModified><ETag>"88481ea5920cbf6a8d8cf4ca692c9f60"</ETag><Size>15680</Size></Contents><Contents><Key>2.41/chromedriver_linux64.zip</Key><Generation>1532719501951804</Generation><MetaGeneration>1</MetaGeneration><LastModified>2018-07-27T19:25:01.951Z</LastModified><ETag>"fbd8b9561575054e0e7e9cc53b680a70"</ETag><Size>3944714</Size></Contents><Contents><Key>2.41/chromedriver_mac64.zip</Key><Generation>1532724335682155</Generation><MetaGeneration>1</MetaGeneration><LastModified>2018-07-27T20:45:35.681Z</LastModified><ETag>"4c86429625373392bd9773c9d0a1c6a4"</ETag><Size>5760121</Size></Contents><Contents><Key>2.41/chromedriver_win32.zip</Key><Generation>1532727860004655</Generation><MetaGeneration>1</MetaGeneration><LastModified>2018-07-27T21:44:20.004Z</LastModified><ETag>"ab047aa361aeb863e58514a9f46bcdb7"</ETag><Size>3552160</Size></Contents><Contents><Key>2.41/notes.txt</Key><Generation>1532728709448876</Generation><MetaGeneration>1</MetaGeneration><LastModified>2018-07-27T21:58:29.448Z</LastModified><ETag>"0b595efd8eec0ed4352c69bba64e0d7c"</ETag><Size>16270</Size></Contents><Contents><Key>2.42/chromedriver_linux64.zip</Key><Generation>1536867037819373</Generation><MetaGeneration>1</MetaGeneration><LastModified>2018-09-13T19:30:37.819Z</LastModified><ETag>"acfcc29fb03df9e913ef4c360a121ad1"</ETag><Size>4039043</Size></Contents><Contents><Key>2.42/chromedriver_mac64.zip</Key><Generation>1536862451882989</Generation><MetaGeneration>1</MetaGeneration><LastModified>2018-09-13T18:14:11.882Z</LastModified><ETag>"3fc0e4a97cbf2c8c2a9b824d95e25351"</ETag><Size>6025563</Size></Contents><Contents><Key>2.42/chromedriver_win32.zip</Key><Generation>1536873093012621</Generation><MetaGeneration>1</MetaGeneration><LastModified>2018-09-13T21:11:33.012Z</LastModified><ETag>"28d91b31311146250e7ef1afbcd6d026"</ETag><Size>3583814</Size></Contents><Contents><Key>2.42/notes.txt</Key><Generation>1536873789662914</Generation><MetaGeneration>1</MetaGeneration><LastModified>2018-09-13T21:23:09.662Z</LastModified><ETag>"18bdf6fc9f9d8dd668fa444b77d06bdd"</ETag><Size>17384</Size></Contents><Contents><Key>2.43/chromedriver_linux64.zip</Key><Generation>1539744373125437</Generation><MetaGeneration>1</MetaGeneration><LastModified>2018-10-17T02:46:13.125Z</LastModified><ETag>"1a67148288f4320e5125649f66e02962"</ETag><Size>4083255</Size></Contents><Contents><Key>2.43/chromedriver_mac64.zip</Key><Generation>1539749389312726</Generation><MetaGeneration>1</MetaGeneration><LastModified>2018-10-17T04:09:49.312Z</LastModified><ETag>"249108ab937a3bf8ae8fd22366b1c208"</ETag><Size>5987780</Size></Contents><Contents><Key>2.43/chromedriver_win32.zip</Key><Generation>1539745310075445</Generation><MetaGeneration>1</MetaGeneration><LastModified>2018-10-17T03:01:50.075Z</LastModified><ETag>"d238c157263ec7f668e0ea045f29f1b7"</ETag><Size>3614625</Size></Contents><Contents><Key>2.43/notes.txt</Key><Generation>1539752445087923</Generation><MetaGeneration>1</MetaGeneration><LastModified>2018-10-17T05:00:45.087Z</LastModified><ETag>"a84902c9429641916b085a72ad5de724"</ETag><Size>18830</Size></Contents><Contents><Key>2.44/chromedriver_linux64.zip</Key><Generation>1542681642988084</Generation><MetaGeneration>1</MetaGeneration><LastModified>2018-11-20T02:40:42.987Z</LastModified><ETag>"758486720c837d7dfd5973e4d4ba78b4"</ETag><Size>5336023</Size></Contents><Contents><Key>2.44/chromedriver_mac64.zip</Key><Generation>1542691504504029</Generation><MetaGeneration>1</MetaGeneration><LastModified>2018-11-20T05:25:04.503Z</LastModified><ETag>"d5690b0fea5fd108e9b31e401725657d"</ETag><Size>6909780</Size></Contents><Contents><Key>2.44/chromedriver_win32.zip</Key><Generation>1542683724899354</Generation><MetaGeneration>1</MetaGeneration><LastModified>2018-11-20T03:15:24.899Z</LastModified><ETag>"cf7c841cba2300d52092b1e8245e771a"</ETag><Size>4574762</Size></Contents><Contents><Key>2.44/notes.txt</Key><Generation>1542695268878969</Generation><MetaGeneration>1</MetaGeneration><LastModified>2018-11-20T06:27:48.878Z</LastModified><ETag>"449e28ad93d4f9c0d9bdd8a7984931f2"</ETag><Size>19540</Size></Contents><Contents><Key>2.45/chromedriver_linux64.zip</Key><Generation>1544484022017823</Generation><MetaGeneration>1</MetaGeneration><LastModified>2018-12-10T23:20:22.017Z</LastModified><ETag>"61c3484abc908c543b823cf42f58fc5d"</ETag><Size>5390515</Size></Contents><Contents><Key>2.45/chromedriver_mac64.zip</Key><Generation>1544501542648069</Generation><MetaGeneration>1</MetaGeneration><LastModified>2018-12-11T04:12:22.647Z</LastModified><ETag>"9f6b235f30b6ea4579612273595c8301"</ETag><Size>6952342</Size></Contents><Contents><Key>2.45/chromedriver_win32.zip</Key><Generation>1544490640557413</Generation><MetaGeneration>1</MetaGeneration><LastModified>2018-12-11T01:10:40.557Z</LastModified><ETag>"6ee964d7172fb8bcd8538ccb430b53ed"</ETag><Size>4599757</Size></Contents><Contents><Key>2.45/notes.txt</Key><Generation>1544505459620982</Generation><MetaGeneration>1</MetaGeneration><LastModified>2018-12-11T05:17:39.620Z</LastModified><ETag>"d98475f7fad0a16aa0543c01defa518c"</ETag><Size>20391</Size></Contents><Contents><Key>2.46/chromedriver_linux64.zip</Key><Generation>1549048944041234</Generation><MetaGeneration>1</MetaGeneration><LastModified>2019-02-01T19:22:24.040Z</LastModified><ETag>"f63b50301dbce2335cdd442642d7efa0"</ETag><Size>5404417</Size></Contents><Contents><Key>2.46/chromedriver_mac64.zip</Key><Generation>1549056933184378</Generation><MetaGeneration>1</MetaGeneration><LastModified>2019-02-01T21:35:33.184Z</LastModified><ETag>"e287cfb628fbd9f6092ddd0353cbddaf"</ETag><Size>7057233</Size></Contents><Contents><Key>2.46/chromedriver_win32.zip</Key><Generation>1549056053033499</Generation><MetaGeneration>1</MetaGeneration><LastModified>2019-02-01T21:20:53.033Z</LastModified><ETag>"d498f2bb7a14216b235f122a615df07a"</ETag><Size>4631571</Size></Contents><Contents><Key>2.46/notes.txt</Key><Generation>1549057268379781</Generation><MetaGeneration>1</MetaGeneration><LastModified>2019-02-01T21:41:08.379Z</LastModified><ETag>"3cee5a7e5102a1fe996a7bb84c52983f"</ETag><Size>21740</Size></Contents><Contents><Key>2.5/chromedriver_linux32.zip</Key><Generation>1383328918259000</Generation><MetaGeneration>3</MetaGeneration><LastModified>2013-11-01T18:01:58.116Z</LastModified><ETag>"aa61a13c88349be12750d339c7798dc7"</ETag><Size>7389184</Size></Contents><Contents><Key>2.5/chromedriver_linux64.zip</Key><Generation>1383329673456000</Generation><MetaGeneration>3</MetaGeneration><LastModified>2013-11-01T18:14:33.324Z</LastModified><ETag>"2a45ca3b32bd1685bb796eeb564e9fc8"</ETag><Size>7558132</Size></Contents><Contents><Key>2.5/chromedriver_mac32.zip</Key><Generation>1383330102006000</Generation><MetaGeneration>3</MetaGeneration><LastModified>2013-11-01T18:21:41.920Z</LastModified><ETag>"9569eb890c607db2b9ba65d451332b38"</ETag><Size>7748945</Size></Contents><Contents><Key>2.5/notes.txt</Key><Generation>1383599180707000</Generation><MetaGeneration>3</MetaGeneration><LastModified>2013-11-04T21:06:20.707Z</LastModified><ETag>"7908cf40321cbd45fd0486545cbcf471"</ETag><Size>1472</Size></Contents><Contents><Key>2.6/chromedriver_linux32.zip</Key><Generation>1383635603103000</Generation><MetaGeneration>3</MetaGeneration><LastModified>2013-11-05T07:13:23.018Z</LastModified><ETag>"007bbff965cb4be6fe7734236b5afd52"</ETag><Size>7402921</Size></Contents><Contents><Key>2.6/chromedriver_linux64.zip</Key><Generation>1383637204372000</Generation><MetaGeneration>3</MetaGeneration><LastModified>2013-11-05T07:40:04.302Z</LastModified><ETag>"0dbc5606c8481f8ae9775d1a27c3a8a5"</ETag><Size>7571534</Size></Contents><Contents><Key>2.6/chromedriver_mac32.zip</Key><Generation>1383634780220000</Generation><MetaGeneration>3</MetaGeneration><LastModified>2013-11-05T06:59:40.106Z</LastModified><ETag>"648f6fad997ff0bc9e177cf2ad3963f4"</ETag><Size>7760366</Size></Contents><Contents><Key>2.6/chromedriver_win32.zip</Key><Generation>1383754521029000</Generation><MetaGeneration>3</MetaGeneration><LastModified>2013-11-06T16:15:20.926Z</LastModified><ETag>"48f8d2462e44b8d06f88ff56857620c0"</ETag><Size>3078771</Size></Contents><Contents><Key>2.6/chromedriver_win32_debug.zip</Key><Generation>1384201923119000</Generation><MetaGeneration>3</MetaGeneration><LastModified>2013-11-11T20:32:03.031Z</LastModified><ETag>"6b6229f734d787f3c7d787097738376d"</ETag><Size>5695292</Size></Contents><Contents><Key>2.6/chromedriver_win32_debug_symbols.zip</Key><Generation>1384202252694000</Generation><MetaGeneration>3</MetaGeneration><LastModified>2013-11-11T20:37:32.632Z</LastModified><ETag>"d2ee47c2c6b6bdcd165ccd10cfebdd6b"</ETag><Size>17758457</Size></Contents><Contents><Key>2.6/notes.txt</Key><Generation>1383634792719000</Generation><MetaGeneration>3</MetaGeneration><LastModified>2013-11-05T06:59:52.718Z</LastModified><ETag>"e995b11e4ec35c7f2d83da95e27cb092"</ETag><Size>1709</Size></Contents><Contents><Key>2.7/chromedriver_linux32.zip</Key><Generation>1385161322161000</Generation><MetaGeneration>3</MetaGeneration><LastModified>2013-11-22T23:02:01.944Z</LastModified><ETag>"f054ab7718126c55daa73dd8b13d10bf"</ETag><Size>7421106</Size></Contents><Contents><Key>2.7/chromedriver_linux64.zip</Key><Generation>1385164463398000</Generation><MetaGeneration>3</MetaGeneration><LastModified>2013-11-22T23:54:23.305Z</LastModified><ETag>"07e80e731ee84bc16834c36142d03b8e"</ETag><Size>7591999</Size></Contents><Contents><Key>2.7/chromedriver_mac32.zip</Key><Generation>1385167061738000</Generation><MetaGeneration>3</MetaGeneration><LastModified>2013-11-23T00:37:41.700Z</LastModified><ETag>"7a548bf2d0802a9ea6b9425d682d40a5"</ETag><Size>8508628</Size></Contents><Contents><Key>2.7/chromedriver_win32.zip</Key><Generation>1385212708709000</Generation><MetaGeneration>3</MetaGeneration><LastModified>2013-11-23T13:18:28.523Z</LastModified><ETag>"f9b86861545951bd24da0235f9793f67"</ETag><Size>3098586</Size></Contents><Contents><Key>2.7/notes.txt</Key><Generation>1385161329240000</Generation><MetaGeneration>3</MetaGeneration><LastModified>2013-11-22T23:02:09.240Z</LastModified><ETag>"8da18f0b553807a79265aabca9929bd3"</ETag><Size>2101</Size></Contents><Contents><Key>2.8/chromedriver_linux32.zip</Key><Generation>1387237269881000</Generation><MetaGeneration>3</MetaGeneration><LastModified>2013-12-16T23:41:09.841Z</LastModified><ETag>"8db373d7cd45a4a188519041ccf271db"</ETag><Size>7448193</Size></Contents><Contents><Key>2.8/chromedriver_linux64.zip</Key><Generation>1387242132675000</Generation><MetaGeneration>3</MetaGeneration><LastModified>2013-12-17T01:02:12.644Z</LastModified><ETag>"72a3eacd74b6e3d67d4871a747ecbeb2"</ETag><Size>7617490</Size></Contents><Contents><Key>2.8/chromedriver_mac32.zip</Key><Generation>1387237940606000</Generation><MetaGeneration>3</MetaGeneration><LastModified>2013-12-16T23:52:20.600Z</LastModified><ETag>"ba1ecf067859bd9de4720e63163d5dce"</ETag><Size>8511020</Size></Contents><Contents><Key>2.8/chromedriver_win32.zip</Key><Generation>1387272096383000</Generation><MetaGeneration>3</MetaGeneration><LastModified>2013-12-17T09:21:36.370Z</LastModified><ETag>"209236a3fc361f06c0bf8554010fc231"</ETag><Size>3105633</Size></Contents><Contents><Key>2.8/notes.txt</Key><Generation>1387237276818000</Generation><MetaGeneration>3</MetaGeneration><LastModified>2013-12-16T23:41:16.818Z</LastModified><ETag>"a91291cc556ed0d44f5e252a79e0cfa1"</ETag><Size>2632</Size></Contents><Contents><Key>2.9/chromedriver_linux32.zip</Key><Generation>1391418710616000</Generation><MetaGeneration>3</MetaGeneration><LastModified>2014-02-03T09:11:50.536Z</LastModified><ETag>"780c12bf34d4f4029b7586b927b1fa69"</ETag><Size>2405487</Size></Contents><Contents><Key>2.9/chromedriver_linux64.zip</Key><Generation>1391418733835000</Generation><MetaGeneration>3</MetaGeneration><LastModified>2014-02-03T09:12:13.790Z</LastModified><ETag>"e2e44f064ecb69ec5b6f1b80f3d13c93"</ETag><Size>2264246</Size></Contents><Contents><Key>2.9/chromedriver_mac32.zip</Key><Generation>1391226207130000</Generation><MetaGeneration>3</MetaGeneration><LastModified>2014-02-01T03:43:26.983Z</LastModified><ETag>"d33f5bbea74968610b5face51a533419"</ETag><Size>4454627</Size></Contents><Contents><Key>2.9/chromedriver_win32.zip</Key><Generation>1391772187327000</Generation><MetaGeneration>3</MetaGeneration><LastModified>2014-02-07T11:23:07.160Z</LastModified><ETag>"ef6a4819563ef993c3aac8f229c0ca91"</ETag><Size>3147400</Size></Contents><Contents><Key>2.9/notes.txt</Key><Generation>1391222453787000</Generation><MetaGeneration>3</MetaGeneration><LastModified>2014-02-01T02:40:53.787Z</LastModified><ETag>"e1ccebcc93e7f295cf6e5a187ca1b3f3"</ETag><Size>3697</Size></Contents><Contents><Key>70.0.3538.16/chromedriver_linux64.zip</Key><Generation>1537228578852463</Generation><MetaGeneration>1</MetaGeneration><LastModified>2018-09-17T23:56:18.852Z</LastModified><ETag>"aa7bb2d4a516464162c97ab62d676b88"</ETag><Size>3637278</Size></Contents><Contents><Key>70.0.3538.16/chromedriver_mac64.zip</Key><Generation>1537228580401426</Generation><MetaGeneration>1</MetaGeneration><LastModified>2018-09-17T23:56:20.401Z</LastModified><ETag>"4d01ffac43d8e63a6bb334dbb99010c0"</ETag><Size>5935851</Size></Contents><Contents><Key>70.0.3538.16/chromedriver_win32.zip</Key><Generation>1537228581777336</Generation><MetaGeneration>1</MetaGeneration><LastModified>2018-09-17T23:56:21.776Z</LastModified><ETag>"ed2a5a850121af095a61b816319cf42b"</ETag><Size>3536229</Size></Contents><Contents><Key>70.0.3538.67/chromedriver_linux64.zip</Key><Generation>1539793394140824</Generation><MetaGeneration>1</MetaGeneration><LastModified>2018-10-17T16:23:14.140Z</LastModified><ETag>"33059ab16448402ed2e6bdd302ed1aa2"</ETag><Size>3639590</Size></Contents><Contents><Key>70.0.3538.67/chromedriver_mac64.zip</Key><Generation>1539793395562598</Generation><MetaGeneration>1</MetaGeneration><LastModified>2018-10-17T16:23:15.562Z</LastModified><ETag>"c69c48e41dd22e31d4054506a0696672"</ETag><Size>5936605</Size></Contents><Contents><Key>70.0.3538.67/chromedriver_win32.zip</Key><Generation>1539793396943249</Generation><MetaGeneration>1</MetaGeneration><LastModified>2018-10-17T16:23:16.942Z</LastModified><ETag>"5d7c2f0aa152608a100d8483db5417fa"</ETag><Size>3537147</Size></Contents><Contents><Key>70.0.3538.97/chromedriver_linux64.zip</Key><Generation>1541488743877715</Generation><MetaGeneration>1</MetaGeneration><LastModified>2018-11-06T07:19:03.877Z</LastModified><ETag>"8f10bcf955a106305de082a34558e738"</ETag><Size>3640017</Size></Contents><Contents><Key>70.0.3538.97/chromedriver_mac64.zip</Key><Generation>1541488745383885</Generation><MetaGeneration>1</MetaGeneration><LastModified>2018-11-06T07:19:05.383Z</LastModified><ETag>"1bfa75f3a3482147403eb5e309858cc1"</ETag><Size>5939993</Size></Contents><Contents><Key>70.0.3538.97/chromedriver_win32.zip</Key><Generation>1541488747021615</Generation><MetaGeneration>1</MetaGeneration><LastModified>2018-11-06T07:19:07.021Z</LastModified><ETag>"054d108aed4f364085a19d1089389f05"</ETag><Size>3539215</Size></Contents><Contents><Key>71.0.3578.137/chromedriver_linux64.zip</Key><Generation>1548099339578509</Generation><MetaGeneration>1</MetaGeneration><LastModified>2019-01-21T19:35:39.578Z</LastModified><ETag>"de074eedbd3d1346a89d86e85f33fd7f"</ETag><Size>3697329</Size></Contents><Contents><Key>71.0.3578.137/chromedriver_mac64.zip</Key><Generation>1548099341078193</Generation><MetaGeneration>1</MetaGeneration><LastModified>2019-01-21T19:35:41.077Z</LastModified><ETag>"ddd162b56b7eae351d15853543584ba0"</ETag><Size>5978768</Size></Contents><Contents><Key>71.0.3578.137/chromedriver_win32.zip</Key><Generation>1548099342601204</Generation><MetaGeneration>1</MetaGeneration><LastModified>2019-01-21T19:35:42.600Z</LastModified><ETag>"0d6a6885b5af7a45a8bd27544bbfc591"</ETag><Size>3586381</Size></Contents><Contents><Key>71.0.3578.30/chromedriver_linux64.zip</Key><Generation>1541106165154991</Generation><MetaGeneration>1</MetaGeneration><LastModified>2018-11-01T21:02:45.154Z</LastModified><ETag>"7ddb1d64f4ee22be582ce78a92700363"</ETag><Size>3694605</Size></Contents><Contents><Key>71.0.3578.30/chromedriver_mac64.zip</Key><Generation>1541106166806633</Generation><MetaGeneration>1</MetaGeneration><LastModified>2018-11-01T21:02:46.806Z</LastModified><ETag>"b631f755a1f37a0ee579b04447406da9"</ETag><Size>5976275</Size></Contents><Contents><Key>71.0.3578.30/chromedriver_win32.zip</Key><Generation>1541106168245553</Generation><MetaGeneration>1</MetaGeneration><LastModified>2018-11-01T21:02:48.245Z</LastModified><ETag>"abe476040e3c2bcd040051e352d3a0a5"</ETag><Size>3585131</Size></Contents><Contents><Key>71.0.3578.33/chromedriver_linux64.zip</Key><Generation>1541175323660135</Generation><MetaGeneration>1</MetaGeneration><LastModified>2018-11-02T16:15:23.659Z</LastModified><ETag>"e08ace3c4584a39c4d6fcd9992205135"</ETag><Size>3695570</Size></Contents><Contents><Key>71.0.3578.33/chromedriver_mac64.zip</Key><Generation>1541175325080431</Generation><MetaGeneration>1</MetaGeneration><LastModified>2018-11-02T16:15:25.079Z</LastModified><ETag>"44665175f70fe1a2054da294cf19f827"</ETag><Size>5976914</Size></Contents><Contents><Key>71.0.3578.33/chromedriver_win32.zip</Key><Generation>1541175326448038</Generation><MetaGeneration>1</MetaGeneration><LastModified>2018-11-02T16:15:26.447Z</LastModified><ETag>"9cbdcbbc72656b8d7aee740f06a86ac3"</ETag><Size>3586505</Size></Contents><Contents><Key>71.0.3578.80/chromedriver_linux64.zip</Key><Generation>1544555442607345</Generation><MetaGeneration>1</MetaGeneration><LastModified>2018-12-11T19:10:42.607Z</LastModified><ETag>"2e9fedf0a202061e91ad6c7c6a39bd7e"</ETag><Size>3696055</Size></Contents><Contents><Key>71.0.3578.80/chromedriver_mac64.zip</Key><Generation>1544555444105420</Generation><MetaGeneration>1</MetaGeneration><LastModified>2018-12-11T19:10:44.105Z</LastModified><ETag>"e39bdc1909c3432fdae36a9a65e43604"</ETag><Size>5976167</Size></Contents><Contents><Key>71.0.3578.80/chromedriver_win32.zip</Key><Generation>1544555445645051</Generation><MetaGeneration>1</MetaGeneration><LastModified>2018-12-11T19:10:45.644Z</LastModified><ETag>"1768dfec46d21b980fd0cd8e5f4aae99"</ETag><Size>3588192</Size></Contents><Contents><Key>72.0.3626.69/chromedriver_linux64.zip</Key><Generation>1548141701137622</Generation><MetaGeneration>1</MetaGeneration><LastModified>2019-01-22T07:21:41.137Z</LastModified><ETag>"902a5fae03b63cc6deeb750d63211f67"</ETag><Size>5040584</Size></Contents><Contents><Key>72.0.3626.69/chromedriver_mac64.zip</Key><Generation>1548141702748580</Generation><MetaGeneration>1</MetaGeneration><LastModified>2019-01-22T07:21:42.748Z</LastModified><ETag>"8ce656dcb0a145ffb887eb08a1806723"</ETag><Size>6908476</Size></Contents><Contents><Key>72.0.3626.69/chromedriver_win32.zip</Key><Generation>1548141704112020</Generation><MetaGeneration>1</MetaGeneration><LastModified>2019-01-22T07:21:44.111Z</LastModified><ETag>"09af2515e314569d11636efc72a7597b"</ETag><Size>4591587</Size></Contents><Contents><Key>72.0.3626.7/chromedriver_linux64.zip</Key><Generation>1544555385570586</Generation><MetaGeneration>1</MetaGeneration><LastModified>2018-12-11T19:09:45.570Z</LastModified><ETag>"b25373e06303ed3f994f459e007633e0"</ETag><Size>5035783</Size></Contents><Contents><Key>72.0.3626.7/chromedriver_mac64.zip</Key><Generation>1544555387031824</Generation><MetaGeneration>1</MetaGeneration><LastModified>2018-12-11T19:09:47.031Z</LastModified><ETag>"c18ac5f9dba6e5a7a2e77841ec6805f0"</ETag><Size>6905675</Size></Contents><Contents><Key>72.0.3626.7/chromedriver_win32.zip</Key><Generation>1544555388417525</Generation><MetaGeneration>1</MetaGeneration><LastModified>2018-12-11T19:09:48.417Z</LastModified><ETag>"2f30c651ba034444aede3724979d2d46"</ETag><Size>4588757</Size></Contents><Contents><Key>73.0.3683.20/chromedriver_linux64.zip</Key><Generation>1549481045478350</Generation><MetaGeneration>1</MetaGeneration><LastModified>2019-02-06T19:24:05.478Z</LastModified><ETag>"0bb4f8f1fdacac21a6cd9cc2fc5b75d8"</ETag><Size>5010361</Size></Contents><Contents><Key>73.0.3683.20/chromedriver_mac64.zip</Key><Generation>1549481047300351</Generation><MetaGeneration>1</MetaGeneration><LastModified>2019-02-06T19:24:07.300Z</LastModified><ETag>"0fb2fafcc55dbfff92ba4efa0401af3d"</ETag><Size>6987611</Size></Contents><Contents><Key>73.0.3683.20/chromedriver_win32.zip</Key><Generation>1549481048801291</Generation><MetaGeneration>1</MetaGeneration><LastModified>2019-02-06T19:24:08.801Z</LastModified><ETag>"83650e1cc5da6641e1257a10ea1bac6c"</ETag><Size>4587131</Size></Contents><Contents><Key>73.0.3683.20/notes.txt</Key><Generation>1549481402159525</Generation><MetaGeneration>1</MetaGeneration><LastModified>2019-02-06T19:30:02.159Z</LastModified><ETag>"3560c78d1f7ad5606a9b397d989a8547"</ETag><Size>1147</Size></Contents><Contents><Key>73.0.3683.68/chromedriver_linux64.zip</Key><Generation>1551998094837807</Generation><MetaGeneration>1</MetaGeneration><LastModified>2019-03-07T22:34:54.837Z</LastModified><ETag>"16d6ef61ff19649df9251d742ed85c62"</ETag><Size>5008482</Size></Contents><Contents><Key>73.0.3683.68/chromedriver_mac64.zip</Key><Generation>1551998096466467</Generation><MetaGeneration>1</MetaGeneration><LastModified>2019-03-07T22:34:56.466Z</LastModified><ETag>"9af243f31d0e7e0444bdcc11ec35aa5d"</ETag><Size>6993125</Size></Contents><Contents><Key>73.0.3683.68/chromedriver_win32.zip</Key><Generation>1551998098046350</Generation><MetaGeneration>1</MetaGeneration><LastModified>2019-03-07T22:34:58.045Z</LastModified><ETag>"47bf69232c8b62139e642927cccfe2e4"</ETag><Size>4590782</Size></Contents><Contents><Key>73.0.3683.68/notes.txt</Key><Generation>1551998503216903</Generation><MetaGeneration>1</MetaGeneration><LastModified>2019-03-07T22:41:43.216Z</LastModified><ETag>"6899c47dec5549c1145f209a409c19a1"</ETag><Size>1358</Size></Contents><Contents><Key>74.0.3729.6/chromedriver_linux64.zip</Key><Generation>1552418726063924</Generation><MetaGeneration>1</MetaGeneration><LastModified>2019-03-12T19:25:26.063Z</LastModified><ETag>"3cd9e67808926bfba9a3f5946e2a994d"</ETag><Size>5065988</Size></Contents><Contents><Key>74.0.3729.6/chromedriver_mac64.zip</Key><Generation>1552418727632998</Generation><MetaGeneration>1</MetaGeneration><LastModified>2019-03-12T19:25:27.632Z</LastModified><ETag>"de2aa78283af413100cddc2a4dee3ebc"</ETag><Size>7014527</Size></Contents><Contents><Key>74.0.3729.6/chromedriver_win32.zip</Key><Generation>1552418729125077</Generation><MetaGeneration>1</MetaGeneration><LastModified>2019-03-12T19:25:29.124Z</LastModified><ETag>"9780b9b586e74253df9b58928b959861"</ETag><Size>4622324</Size></Contents><Contents><Key>74.0.3729.6/notes.txt</Key><Generation>1552587469066754</Generation><MetaGeneration>1</MetaGeneration><LastModified>2019-03-14T18:17:49.066Z</LastModified><ETag>"d6180d1b525cf857b030077a525a9f47"</ETag><Size>1027</Size></Contents><Contents><Key>75.0.3770.140/chromedriver_linux64.zip</Key><Generation>1562954785447657</Generation><MetaGeneration>1</MetaGeneration><LastModified>2019-07-12T18:06:25.447Z</LastModified><ETag>"352fa37b124b9ddfd458439bbb877ac5"</ETag><Size>5139472</Size></Contents><Contents><Key>75.0.3770.140/chromedriver_mac64.zip</Key><Generation>1562954786926358</Generation><MetaGeneration>1</MetaGeneration><LastModified>2019-07-12T18:06:26.926Z</LastModified><ETag>"66f50e15bfcc94ab995bce3b53116d17"</ETag><Size>7101254</Size></Contents><Contents><Key>75.0.3770.140/chromedriver_win32.zip</Key><Generation>1562954788570822</Generation><MetaGeneration>1</MetaGeneration><LastModified>2019-07-12T18:06:28.570Z</LastModified><ETag>"57eda7e2343cb655259e94497c2b8d01"</ETag><Size>4569131</Size></Contents><Contents><Key>75.0.3770.140/notes.txt</Key><Generation>1562954792280372</Generation><MetaGeneration>1</MetaGeneration><LastModified>2019-07-12T18:06:32.280Z</LastModified><ETag>"ce86694b410ff3d02391241b82063bdf"</ETag><Size>1594</Size></Contents><Contents><Key>75.0.3770.8/chromedriver_linux64.zip</Key><Generation>1556582616530168</Generation><MetaGeneration>1</MetaGeneration><LastModified>2019-04-30T00:03:36.529Z</LastModified><ETag>"ee28a86911127498409dc8623d39ea94"</ETag><Size>5135200</Size></Contents><Contents><Key>75.0.3770.8/chromedriver_mac64.zip</Key><Generation>1556582617965112</Generation><MetaGeneration>1</MetaGeneration><LastModified>2019-04-30T00:03:37.964Z</LastModified><ETag>"cfb21004d8c825a1cf5b24e5b79c53cf"</ETag><Size>7097829</Size></Contents><Contents><Key>75.0.3770.8/chromedriver_win32.zip</Key><Generation>1556582619352593</Generation><MetaGeneration>1</MetaGeneration><LastModified>2019-04-30T00:03:39.352Z</LastModified><ETag>"5e27caa8c5212b210f6d78c0c7c5b854"</ETag><Size>4658635</Size></Contents><Contents><Key>75.0.3770.8/notes.txt</Key><Generation>1556582622768476</Generation><MetaGeneration>1</MetaGeneration><LastModified>2019-04-30T00:03:42.768Z</LastModified><ETag>"136ac49952a5667b60a63419673cda65"</ETag><Size>1214</Size></Contents><Contents><Key>75.0.3770.90/chromedriver_linux64.zip</Key><Generation>1560460875477649</Generation><MetaGeneration>1</MetaGeneration><LastModified>2019-06-13T21:21:15.477Z</LastModified><ETag>"5cebc8cdd79bba758f8975e72b3a28f0"</ETag><Size>5139274</Size></Contents><Contents><Key>75.0.3770.90/chromedriver_mac64.zip</Key><Generation>1560460876886851</Generation><MetaGeneration>1</MetaGeneration><LastModified>2019-06-13T21:21:16.886Z</LastModified><ETag>"e63bd10100c97a1f7ddaad4a15c586d3"</ETag><Size>7101231</Size></Contents><Contents><Key>75.0.3770.90/chromedriver_win32.zip</Key><Generation>1560460878363702</Generation><MetaGeneration>1</MetaGeneration><LastModified>2019-06-13T21:21:18.363Z</LastModified><ETag>"9bd10e443b5f98019fa4616fb29a9123"</ETag><Size>4569719</Size></Contents><Contents><Key>75.0.3770.90/notes.txt</Key><Generation>1560461588274095</Generation><MetaGeneration>1</MetaGeneration><LastModified>2019-06-13T21:33:08.273Z</LastModified><ETag>"200460edd48a8b7baef6cf318d290d6e"</ETag><Size>1395</Size></Contents><Contents><Key>76.0.3809.12/chromedriver_linux64.zip</Key><Generation>1559924382401227</Generation><MetaGeneration>1</MetaGeneration><LastModified>2019-06-07T16:19:42.400Z</LastModified><ETag>"91e0d276a462019afdabb91333643a5a"</ETag><Size>5229485</Size></Contents><Contents><Key>76.0.3809.12/chromedriver_mac64.zip</Key><Generation>1559924384522778</Generation><MetaGeneration>1</MetaGeneration><LastModified>2019-06-07T16:19:44.522Z</LastModified><ETag>"80b9f345478d2a64c62678176de4b6f6"</ETag><Size>7213589</Size></Contents><Contents><Key>76.0.3809.12/chromedriver_win32.zip</Key><Generation>1559924386395474</Generation><MetaGeneration>1</MetaGeneration><LastModified>2019-06-07T16:19:46.395Z</LastModified><ETag>"b8d1935aa3f3480c4ceed221af0be9d4"</ETag><Size>4648476</Size></Contents><Contents><Key>76.0.3809.12/notes.txt</Key><Generation>1559926006333042</Generation><MetaGeneration>1</MetaGeneration><LastModified>2019-06-07T16:46:46.332Z</LastModified><ETag>"7b76814df298f7710c03eef4fe533be4"</ETag><Size>1014</Size></Contents><Contents><Key>76.0.3809.126/chromedriver_linux64.zip</Key><Generation>1566324087496562</Generation><MetaGeneration>1</MetaGeneration><LastModified>2019-08-20T18:01:27.496Z</LastModified><ETag>"2f2d9ab416c86c94cbbfcf1b8833280d"</ETag><Size>5231221</Size></Contents><Contents><Key>76.0.3809.126/chromedriver_mac64.zip</Key><Generation>1566324089034426</Generation><MetaGeneration>1</MetaGeneration><LastModified>2019-08-20T18:01:29.034Z</LastModified><ETag>"f42f47d08bc285c791b87b26e0fdc47a"</ETag><Size>7216071</Size></Contents><Contents><Key>76.0.3809.126/chromedriver_win32.zip</Key><Generation>1566324090467265</Generation><MetaGeneration>1</MetaGeneration><LastModified>2019-08-20T18:01:30.466Z</LastModified><ETag>"823b374b2cd5f5224b825417f5f6f406"</ETag><Size>4651830</Size></Contents><Contents><Key>76.0.3809.126/notes.txt</Key><Generation>1566324094038028</Generation><MetaGeneration>1</MetaGeneration><LastModified>2019-08-20T18:01:34.037Z</LastModified><ETag>"106990deadca5f2306396bb5da750de8"</ETag><Size>2029</Size></Contents><Contents><Key>76.0.3809.25/chromedriver_linux64.zip</Key><Generation>1560461099874484</Generation><MetaGeneration>1</MetaGeneration><LastModified>2019-06-13T21:24:59.874Z</LastModified><ETag>"83058e8f8913b69203f534714934de0d"</ETag><Size>5230973</Size></Contents><Contents><Key>76.0.3809.25/chromedriver_mac64.zip</Key><Generation>1560461101311357</Generation><MetaGeneration>1</MetaGeneration><LastModified>2019-06-13T21:25:01.311Z</LastModified><ETag>"e23edb3e4ba7a3a3d8bcc626aa4c5c7f"</ETag><Size>7214926</Size></Contents><Contents><Key>76.0.3809.25/chromedriver_win32.zip</Key><Generation>1560461102689940</Generation><MetaGeneration>1</MetaGeneration><LastModified>2019-06-13T21:25:02.689Z</LastModified><ETag>"fe9e00e3ba3cfb06fcbef1e505e2b8f1"</ETag><Size>4648635</Size></Contents><Contents><Key>76.0.3809.25/notes.txt</Key><Generation>1560461618197512</Generation><MetaGeneration>1</MetaGeneration><LastModified>2019-06-13T21:33:38.197Z</LastModified><ETag>"0949aef423404b0407eda88566d359b1"</ETag><Size>1194</Size></Contents><Contents><Key>76.0.3809.68/chromedriver_linux64.zip</Key><Generation>1563296995658006</Generation><MetaGeneration>1</MetaGeneration><LastModified>2019-07-16T17:09:55.657Z</LastModified><ETag>"5886442a2710185db5b07c8bf42b2484"</ETag><Size>5231218</Size></Contents><Contents><Key>76.0.3809.68/chromedriver_mac64.zip</Key><Generation>1563296997275526</Generation><MetaGeneration>1</MetaGeneration><LastModified>2019-07-16T17:09:57.275Z</LastModified><ETag>"7370f0173e096e5a15f992b3ffae4501"</ETag><Size>7216033</Size></Contents><Contents><Key>76.0.3809.68/chromedriver_win32.zip</Key><Generation>1563296998713300</Generation><MetaGeneration>1</MetaGeneration><LastModified>2019-07-16T17:09:58.713Z</LastModified><ETag>"60cf267c91730fd926edc0340273c137"</ETag><Size>4651766</Size></Contents><Contents><Key>76.0.3809.68/notes.txt</Key><Generation>1563297002316318</Generation><MetaGeneration>1</MetaGeneration><LastModified>2019-07-16T17:10:02.316Z</LastModified><ETag>"1882d2b10afc33b9a42d8983e5778d6c"</ETag><Size>1799</Size></Contents><Contents><Key>77.0.3865.10/chromedriver_linux64.zip</Key><Generation>1565117126553995</Generation><MetaGeneration>1</MetaGeneration><LastModified>2019-08-06T18:45:26.553Z</LastModified><ETag>"eb6c5fface9469902a84bac7a9e5e4b9"</ETag><Size>5422357</Size></Contents><Contents><Key>77.0.3865.10/chromedriver_mac64.zip</Key><Generation>1565117128076177</Generation><MetaGeneration>1</MetaGeneration><LastModified>2019-08-06T18:45:28.075Z</LastModified><ETag>"0f315d9384ea6e931324285512a1491c"</ETag><Size>7386936</Size></Contents><Contents><Key>77.0.3865.10/chromedriver_win32.zip</Key><Generation>1565117129846584</Generation><MetaGeneration>1</MetaGeneration><LastModified>2019-08-06T18:45:29.846Z</LastModified><ETag>"fbeb720fc3c9c2059fa169fc252c6bdf"</ETag><Size>4758040</Size></Contents><Contents><Key>77.0.3865.10/notes.txt</Key><Generation>1565117133451237</Generation><MetaGeneration>1</MetaGeneration><LastModified>2019-08-06T18:45:33.450Z</LastModified><ETag>"07a25480a87b3f88b992dc79e324818f"</ETag><Size>2862</Size></Contents><Contents><Key>77.0.3865.40/chromedriver_linux64.zip</Key><Generation>1566324166907005</Generation><MetaGeneration>1</MetaGeneration><LastModified>2019-08-20T18:02:46.906Z</LastModified><ETag>"b4431816072192a2d36a10fa8cfde344"</ETag><Size>5425800</Size></Contents><Contents><Key>77.0.3865.40/chromedriver_mac64.zip</Key><Generation>1566324168325012</Generation><MetaGeneration>1</MetaGeneration><LastModified>2019-08-20T18:02:48.324Z</LastModified><ETag>"812570697aadcd7a9038041b27437054"</ETag><Size>7391915</Size></Contents><Contents><Key>77.0.3865.40/chromedriver_win32.zip</Key><Generation>1566324169818974</Generation><MetaGeneration>1</MetaGeneration><LastModified>2019-08-20T18:02:49.818Z</LastModified><ETag>"7e94b11b8157e856b918f64d1b4af424"</ETag><Size>4759775</Size></Contents><Contents><Key>77.0.3865.40/notes.txt</Key><Generation>1566324173356104</Generation><MetaGeneration>1</MetaGeneration><LastModified>2019-08-20T18:02:53.355Z</LastModified><ETag>"0609e0eff91a2087279a1600bb37198e"</ETag><Size>3184</Size></Contents><Contents><Key>78.0.3904.105/chromedriver_linux64.zip</Key><Generation>1574101240687021</Generation><MetaGeneration>1</MetaGeneration><LastModified>2019-11-18T18:20:40.686Z</LastModified><ETag>"6d3fcd82a27e1d787b6af2515f933806"</ETag><Size>5528166</Size></Contents><Contents><Key>78.0.3904.105/chromedriver_mac64.zip</Key><Generation>1574101242296052</Generation><MetaGeneration>1</MetaGeneration><LastModified>2019-11-18T18:20:42.295Z</LastModified><ETag>"12b3858a57bfe0a3d450cd194e0992aa"</ETag><Size>7487838</Size></Contents><Contents><Key>78.0.3904.105/chromedriver_win32.zip</Key><Generation>1574101243910341</Generation><MetaGeneration>1</MetaGeneration><LastModified>2019-11-18T18:20:43.910Z</LastModified><ETag>"8f3f3ca4134c14b41848686f0146b200"</ETag><Size>4845138</Size></Contents><Contents><Key>78.0.3904.105/notes.txt</Key><Generation>1574101247992459</Generation><MetaGeneration>1</MetaGeneration><LastModified>2019-11-18T18:20:47.992Z</LastModified><ETag>"009b4b01151a0417c58075380e08254b"</ETag><Size>1140</Size></Contents><Contents><Key>78.0.3904.11/chromedriver_linux64.zip</Key><Generation>1568306750292328</Generation><MetaGeneration>1</MetaGeneration><LastModified>2019-09-12T16:45:50.292Z</LastModified><ETag>"401516b9d436b6be7bfe0a7e42f4c1b1"</ETag><Size>5527618</Size></Contents><Contents><Key>78.0.3904.11/chromedriver_mac64.zip</Key><Generation>1568306751957312</Generation><MetaGeneration>1</MetaGeneration><LastModified>2019-09-12T16:45:51.957Z</LastModified><ETag>"ae7f7ff69bf3e438320a306653de4a5e"</ETag><Size>7486791</Size></Contents><Contents><Key>78.0.3904.11/chromedriver_win32.zip</Key><Generation>1568306753441752</Generation><MetaGeneration>1</MetaGeneration><LastModified>2019-09-12T16:45:53.441Z</LastModified><ETag>"fef6a5ed635bfd147962bdd149278269"</ETag><Size>4844232</Size></Contents><Contents><Key>78.0.3904.11/notes.txt</Key><Generation>1571690130697272</Generation><MetaGeneration>1</MetaGeneration><LastModified>2019-10-21T20:35:30.696Z</LastModified><ETag>"11001dd11e1a9549d463af860483b063"</ETag><Size>1120</Size></Contents><Contents><Key>78.0.3904.70/chromedriver_linux64.zip</Key><Generation>1571690407510143</Generation><MetaGeneration>1</MetaGeneration><LastModified>2019-10-21T20:40:07.509Z</LastModified><ETag>"37f077132433b20db3f0f5636e89f142"</ETag><Size>5527671</Size></Contents><Contents><Key>78.0.3904.70/chromedriver_mac64.zip</Key><Generation>1571690409157291</Generation><MetaGeneration>1</MetaGeneration><LastModified>2019-10-21T20:40:09.156Z</LastModified><ETag>"969163657458c7e298c50c914ff5c5c4"</ETag><Size>7488025</Size></Contents><Contents><Key>78.0.3904.70/chromedriver_win32.zip</Key><Generation>1571690410690816</Generation><MetaGeneration>1</MetaGeneration><LastModified>2019-10-21T20:40:10.690Z</LastModified><ETag>"40df8860f0dfad436665d9de7aa95082"</ETag><Size>4845020</Size></Contents><Contents><Key>78.0.3904.70/notes.txt</Key><Generation>1571690414182806</Generation><MetaGeneration>1</MetaGeneration><LastModified>2019-10-21T20:40:14.182Z</LastModified><ETag>"bc693fcdae569b3f87d31bf3543ecb25"</ETag><Size>1034</Size></Contents><Contents><Key>79.0.3945.16/chromedriver_linux64.zip</Key><Generation>1572451856645228</Generation><MetaGeneration>1</MetaGeneration><LastModified>2019-10-30T16:10:56.644Z</LastModified><ETag>"105ccad6c939b96600d3963bd758a6c9"</ETag><Size>4874192</Size></Contents><Contents><Key>79.0.3945.16/chromedriver_mac64.zip</Key><Generation>1572451859423962</Generation><MetaGeneration>1</MetaGeneration><LastModified>2019-10-30T16:10:59.423Z</LastModified><ETag>"39b7db6c05a92850833f6826ecbd2dcd"</ETag><Size>6907888</Size></Contents><Contents><Key>79.0.3945.16/chromedriver_win32.zip</Key><Generation>1572451860927405</Generation><MetaGeneration>1</MetaGeneration><LastModified>2019-10-30T16:11:00.927Z</LastModified><ETag>"6c36e6f2c1cb7ec0f8cb4201a7fb03e1"</ETag><Size>4261268</Size></Contents><Contents><Key>79.0.3945.16/notes.txt</Key><Generation>1572451864204981</Generation><MetaGeneration>1</MetaGeneration><LastModified>2019-10-30T16:11:04.204Z</LastModified><ETag>"eb3d9792539dcd95b12d890e8cfa7ee8"</ETag><Size>930</Size></Contents><Contents><Key>79.0.3945.36/chromedriver_linux64.zip</Key><Generation>1574101203410178</Generation><MetaGeneration>1</MetaGeneration><LastModified>2019-11-18T18:20:03.409Z</LastModified><ETag>"77e6b631478c63c2df5809822a0af916"</ETag><Size>4875160</Size></Contents><Contents><Key>79.0.3945.36/chromedriver_mac64.zip</Key><Generation>1574101205278196</Generation><MetaGeneration>1</MetaGeneration><LastModified>2019-11-18T18:20:05.277Z</LastModified><ETag>"57d2a9629298aa6dc2d759fe09da5d13"</ETag><Size>6908371</Size></Contents><Contents><Key>79.0.3945.36/chromedriver_win32.zip</Key><Generation>1574101206976556</Generation><MetaGeneration>1</MetaGeneration><LastModified>2019-11-18T18:20:06.976Z</LastModified><ETag>"9665be96d739035efdf91684f406fdcf"</ETag><Size>4263308</Size></Contents><Contents><Key>79.0.3945.36/notes.txt</Key><Generation>1574101210852455</Generation><MetaGeneration>1</MetaGeneration><LastModified>2019-11-18T18:20:10.852Z</LastModified><ETag>"c4ebd5d56bbe3948e7fbbf96cfe8a75b"</ETag><Size>1035</Size></Contents><Contents><Key>LATEST_RELEASE</Key><Generation>1574101380239091</Generation><MetaGeneration>1</MetaGeneration><LastModified>2019-11-18T18:23:00.238Z</LastModified><ETag>"b9bde7b64efbdd91bcd063096c26c2f3"</ETag><Size>13</Size></Contents><Contents><Key>LATEST_RELEASE_70</Key><Generation>1550727463184297</Generation><MetaGeneration>1</MetaGeneration><LastModified>2019-02-21T05:37:43.183Z</LastModified><ETag>"d457e2744f5dcfce1d0c081d08a954a4"</ETag><Size>12</Size></Contents><Contents><Key>LATEST_RELEASE_70.0.3538</Key><Generation>1541488748414313</Generation><MetaGeneration>1</MetaGeneration><LastModified>2018-11-06T07:19:08.413Z</LastModified><ETag>"d457e2744f5dcfce1d0c081d08a954a4"</ETag><Size>12</Size></Contents><Contents><Key>LATEST_RELEASE_71</Key><Generation>1550727449971220</Generation><MetaGeneration>1</MetaGeneration><LastModified>2019-02-21T05:37:29.970Z</LastModified><ETag>"3748a8dce2336099e62747207336606b"</ETag><Size>13</Size></Contents><Contents><Key>LATEST_RELEASE_71.0.3578</Key><Generation>1548099343788813</Generation><MetaGeneration>1</MetaGeneration><LastModified>2019-01-21T19:35:43.788Z</LastModified><ETag>"3748a8dce2336099e62747207336606b"</ETag><Size>13</Size></Contents><Contents><Key>LATEST_RELEASE_72</Key><Generation>1550727437996370</Generation><MetaGeneration>1</MetaGeneration><LastModified>2019-02-21T05:37:17.996Z</LastModified><ETag>"edc8389a93d2c7c746cbf0eda0852bea"</ETag><Size>12</Size></Contents><Contents><Key>LATEST_RELEASE_72.0.3626</Key><Generation>1548141705397053</Generation><MetaGeneration>1</MetaGeneration><LastModified>2019-01-22T07:21:45.396Z</LastModified><ETag>"edc8389a93d2c7c746cbf0eda0852bea"</ETag><Size>12</Size></Contents><Contents><Key>LATEST_RELEASE_73</Key><Generation>1552406759037011</Generation><MetaGeneration>1</MetaGeneration><LastModified>2019-03-12T16:05:59.036Z</LastModified><ETag>"4a51baa3e8827a77804c49bfc54a0c65"</ETag><Size>12</Size></Contents><Contents><Key>LATEST_RELEASE_73.0.3683</Key><Generation>1551998099301405</Generation><MetaGeneration>1</MetaGeneration><LastModified>2019-03-07T22:34:59.301Z</LastModified><ETag>"4a51baa3e8827a77804c49bfc54a0c65"</ETag><Size>12</Size></Contents><Contents><Key>LATEST_RELEASE_74</Key><Generation>1552418731583998</Generation><MetaGeneration>1</MetaGeneration><LastModified>2019-03-12T19:25:31.583Z</LastModified><ETag>"445488632b27bf112162f240458c8b75"</ETag><Size>11</Size></Contents><Contents><Key>LATEST_RELEASE_74.0.3729</Key><Generation>1552418730367675</Generation><MetaGeneration>1</MetaGeneration><LastModified>2019-03-12T19:25:30.367Z</LastModified><ETag>"445488632b27bf112162f240458c8b75"</ETag><Size>11</Size></Contents><Contents><Key>LATEST_RELEASE_75</Key><Generation>1562954791115404</Generation><MetaGeneration>1</MetaGeneration><LastModified>2019-07-12T18:06:31.115Z</LastModified><ETag>"e30ba48e1bad76a15b4b516bd2f501f5"</ETag><Size>13</Size></Contents><Contents><Key>LATEST_RELEASE_75.0.3770</Key><Generation>1562954789734819</Generation><MetaGeneration>1</MetaGeneration><LastModified>2019-07-12T18:06:29.734Z</LastModified><ETag>"e30ba48e1bad76a15b4b516bd2f501f5"</ETag><Size>13</Size></Contents><Contents><Key>LATEST_RELEASE_76</Key><Generation>1566324092838269</Generation><MetaGeneration>1</MetaGeneration><LastModified>2019-08-20T18:01:32.838Z</LastModified><ETag>"c49a33101c8d53f95def472744518541"</ETag><Size>13</Size></Contents><Contents><Key>LATEST_RELEASE_76.0.3809</Key><Generation>1566324091671879</Generation><MetaGeneration>1</MetaGeneration><LastModified>2019-08-20T18:01:31.671Z</LastModified><ETag>"c49a33101c8d53f95def472744518541"</ETag><Size>13</Size></Contents><Contents><Key>LATEST_RELEASE_77</Key><Generation>1566324172201063</Generation><MetaGeneration>1</MetaGeneration><LastModified>2019-08-20T18:02:52.200Z</LastModified><ETag>"32e80dfee0af120f7f94bbb85e52b845"</ETag><Size>12</Size></Contents><Contents><Key>LATEST_RELEASE_77.0.3865</Key><Generation>1566324170948144</Generation><MetaGeneration>1</MetaGeneration><LastModified>2019-08-20T18:02:50.947Z</LastModified><ETag>"32e80dfee0af120f7f94bbb85e52b845"</ETag><Size>12</Size></Contents><Contents><Key>LATEST_RELEASE_78</Key><Generation>1574101246724375</Generation><MetaGeneration>1</MetaGeneration><LastModified>2019-11-18T18:20:46.724Z</LastModified><ETag>"b9bde7b64efbdd91bcd063096c26c2f3"</ETag><Size>13</Size></Contents><Contents><Key>LATEST_RELEASE_78.0.3904</Key><Generation>1574101245336557</Generation><MetaGeneration>1</MetaGeneration><LastModified>2019-11-18T18:20:45.336Z</LastModified><ETag>"b9bde7b64efbdd91bcd063096c26c2f3"</ETag><Size>13</Size></Contents><Contents><Key>LATEST_RELEASE_79</Key><Generation>1574101209561651</Generation><MetaGeneration>1</MetaGeneration><LastModified>2019-11-18T18:20:09.561Z</LastModified><ETag>"6dbe8fd284d1450dfe211ec372589603"</ETag><Size>12</Size></Contents><Contents><Key>LATEST_RELEASE_79.0.3945</Key><Generation>1574101208322149</Generation><MetaGeneration>1</MetaGeneration><LastModified>2019-11-18T18:20:08.321Z</LastModified><ETag>"6dbe8fd284d1450dfe211ec372589603"</ETag><Size>12</Size></Contents><Contents><Key>icons/back.gif</Key><Generation>1380130924972000</Generation><MetaGeneration>4</MetaGeneration><LastModified>2013-09-25T17:42:04.972Z</LastModified><ETag>"4bce9846e05d3bffdfb293d47c840a8e"</ETag><Size>216</Size></Contents><Contents><Key>icons/binary.gif</Key><Generation>1380130933627000</Generation><MetaGeneration>4</MetaGeneration><LastModified>2013-09-25T17:42:13.627Z</LastModified><ETag>"96bd4beed88ff93356586485c13e5d89"</ETag><Size>246</Size></Contents><Contents><Key>icons/blank.gif</Key><Generation>1380130941334000</Generation><MetaGeneration>4</MetaGeneration><LastModified>2013-09-25T17:42:21.333Z</LastModified><ETag>"19517fb39a31be6b8d7ccf53ad84908f"</ETag><Size>148</Size></Contents><Contents><Key>icons/folder.gif</Key><Generation>1380130950680000</Generation><MetaGeneration>4</MetaGeneration><LastModified>2013-09-25T17:42:30.680Z</LastModified><ETag>"d342cba375fea336967317bdb5d7cf19"</ETag><Size>225</Size></Contents><Contents><Key>index.html</Key><Generation>1380128358912000</Generation><MetaGeneration>5</MetaGeneration><LastModified>2013-09-25T16:59:18.911Z</LastModified><ETag>"704b0f841aad1b1428481b7ff3c759c0"</ETag><Size>10574</Size></Contents></ListBucketResult>