{"chrome":{"last":"C:\\Users\\nissa\\AppData\\Roaming\\npm\\node_modules\\protractor\\node_modules\\webdriver-manager\\selenium\\chromedriver_78.0.3904.105.exe","all":["C:\\Users\\nissa\\AppData\\Roaming\\npm\\node_modules\\protractor\\node_modules\\webdriver-manager\\selenium\\chromedriver_78.0.3904.105.exe"]},"standalone":{"last":"C:\\Users\\nissa\\AppData\\Roaming\\npm\\node_modules\\protractor\\node_modules\\webdriver-manager\\selenium\\selenium-server-standalone-3.141.59.jar","all":["C:\\Users\\nissa\\AppData\\Roaming\\npm\\node_modules\\protractor\\node_modules\\webdriver-manager\\selenium\\selenium-server-standalone-3.141.59.jar"]},"gecko":{"last":"C:\\Users\\nissa\\AppData\\Roaming\\npm\\node_modules\\protractor\\node_modules\\webdriver-manager\\selenium\\geckodriver-v0.26.0.exe","all":["C:\\Users\\nissa\\AppData\\Roaming\\npm\\node_modules\\protractor\\node_modules\\webdriver-manager\\selenium\\geckodriver-v0.26.0.exe"]},"ie":{"last":"C:\\Users\\nissa\\AppData\\Roaming\\npm\\node_modules\\protractor\\node_modules\\webdriver-manager\\selenium\\IEDriverServer3.150.1.exe","all":["C:\\Users\\nissa\\AppData\\Roaming\\npm\\node_modules\\protractor\\node_modules\\webdriver-manager\\selenium\\IEDriverServer3.150.1.exe"]}}